directory,target,hitrate,randomhitrate,swarmrate,mode
/nfs/eecs-fserv/share/alipour/gcc_experiments/DATA2/1/roundroubin.0.1/halfswarm,241356,0.27868852459,0.166666666667,0.129032258065,Half-Swarm
/nfs/eecs-fserv/share/alipour/gcc_experiments/DATA2/1/roundroubin.0.1/nosup,241356,0.234042553191,0.166666666667,0.129032258065,No-Suppressors
/nfs/eecs-fserv/share/alipour/gcc_experiments/DATA2/1/roundroubin.0.1/noswarm,241356,0.370967741935,0.166666666667,0.129032258065,No-Swarm
/nfs/eecs-fserv/share/alipour/gcc_experiments/DATA2/1/roundroubin.1.1/halfswarm,141628,0.4,0.1875,0.108870967742,Half-Swarm
/nfs/eecs-fserv/share/alipour/gcc_experiments/DATA2/1/roundroubin.1.1/nosup,141628,0.288888888889,0.1875,0.108870967742,No-Suppressors
/nfs/eecs-fserv/share/alipour/gcc_experiments/DATA2/1/roundroubin.1.1/noswarm,141628,0.366666666667,0.1875,0.108870967742,No-Swarm
/nfs/eecs-fserv/share/alipour/gcc_experiments/DATA2/1/roundroubin.2.1/halfswarm,260865,0.230769230769,0.0208333333333,0.149193548387,Half-Swarm
/nfs/eecs-fserv/share/alipour/gcc_experiments/DATA2/1/roundroubin.2.1/nosup,260865,0.156862745098,0.0208333333333,0.149193548387,No-Suppressors
/nfs/eecs-fserv/share/alipour/gcc_experiments/DATA2/1/roundroubin.3.1/halfswarm,71848,0.327868852459,0.166666666667,0.149193548387,Half-Swarm
/nfs/eecs-fserv/share/alipour/gcc_experiments/DATA2/1/roundroubin.3.1/nosup,71848,0.347826086957,0.166666666667,0.149193548387,No-Suppressors
/nfs/eecs-fserv/share/alipour/gcc_experiments/DATA2/1/roundroubin.3.1/noswarm,71848,0.27027027027,0.166666666667,0.149193548387,No-Swarm
/nfs/eecs-fserv/share/alipour/gcc_experiments/DATA2/1/roundroubin.4.1/halfswarm,239551,0.129032258065,0.25,0.112903225806,Half-Swarm
/nfs/eecs-fserv/share/alipour/gcc_experiments/DATA2/1/roundroubin.4.1/nosup,239551,0.208333333333,0.25,0.112903225806,No-Suppressors
/nfs/eecs-fserv/share/alipour/gcc_experiments/DATA2/1/roundroubin.4.1/noswarm,239551,0.0833333333333,0.25,0.112903225806,No-Swarm
/nfs/eecs-fserv/share/alipour/gcc_experiments/DATA2/2/roundroubin.0.1/halfswarm,178442,0.611111111111,0.846153846154,0.282051282051,Half-Swarm
/nfs/eecs-fserv/share/alipour/gcc_experiments/DATA2/2/roundroubin.0.1/nosup,178442,0.829268292683,0.846153846154,0.282051282051,No-Suppressors
/nfs/eecs-fserv/share/alipour/gcc_experiments/DATA2/2/roundroubin.0.1/noswarm,178442,0.433333333333,0.846153846154,0.282051282051,No-Swarm
/nfs/eecs-fserv/share/alipour/gcc_experiments/DATA2/2/roundroubin.1.1/halfswarm,114571,0.320754716981,0.173076923077,0.173076923077,Half-Swarm
/nfs/eecs-fserv/share/alipour/gcc_experiments/DATA2/2/roundroubin.1.1/nosup,114571,0.405405405405,0.173076923077,0.173076923077,No-Suppressors
/nfs/eecs-fserv/share/alipour/gcc_experiments/DATA2/2/roundroubin.1.1/noswarm,114571,0.368421052632,0.173076923077,0.173076923077,No-Swarm
/nfs/eecs-fserv/share/alipour/gcc_experiments/DATA2/2/roundroubin.2.1/halfswarm,43148,0.350877192982,0.461538461538,0.139423076923,Half-Swarm
/nfs/eecs-fserv/share/alipour/gcc_experiments/DATA2/2/roundroubin.2.1/nosup,43148,0.45,0.461538461538,0.139423076923,No-Suppressors
/nfs/eecs-fserv/share/alipour/gcc_experiments/DATA2/2/roundroubin.2.1/noswarm,43148,0.31746031746,0.461538461538,0.139423076923,No-Swarm
/nfs/eecs-fserv/share/alipour/gcc_experiments/DATA2/2/roundroubin.3.1/halfswarm,46993,0.567901234568,0.480769230769,0.278846153846,Half-Swarm
/nfs/eecs-fserv/share/alipour/gcc_experiments/DATA2/2/roundroubin.3.1/nosup,46993,0.55737704918,0.480769230769,0.278846153846,No-Suppressors
/nfs/eecs-fserv/share/alipour/gcc_experiments/DATA2/2/roundroubin.3.1/noswarm,46993,0.446601941748,0.480769230769,0.278846153846,No-Swarm
/nfs/eecs-fserv/share/alipour/gcc_experiments/DATA2/2/roundroubin.4.1/halfswarm,205381,0.505617977528,0.480769230769,0.182692307692,Half-Swarm
/nfs/eecs-fserv/share/alipour/gcc_experiments/DATA2/2/roundroubin.4.1/nosup,205381,0.403846153846,0.480769230769,0.182692307692,No-Suppressors
/nfs/eecs-fserv/share/alipour/gcc_experiments/DATA2/2/roundroubin.4.1/noswarm,205381,0.392857142857,0.480769230769,0.182692307692,No-Swarm
/nfs/eecs-fserv/share/alipour/gcc_experiments/DATA2/3/roundroubin.0.1/halfswarm,128172,0.583333333333,0.151515151515,0.209480122324,Half-Swarm
/nfs/eecs-fserv/share/alipour/gcc_experiments/DATA2/3/roundroubin.0.1/nosup,128172,0.35,0.151515151515,0.209480122324,No-Suppressors
/nfs/eecs-fserv/share/alipour/gcc_experiments/DATA2/3/roundroubin.0.1/noswarm,128172,0.466666666667,0.151515151515,0.209480122324,No-Swarm
/nfs/eecs-fserv/share/alipour/gcc_experiments/DATA2/3/roundroubin.1.1/halfswarm,269209,0.333333333333,0.363636363636,0.154434250765,Half-Swarm
/nfs/eecs-fserv/share/alipour/gcc_experiments/DATA2/3/roundroubin.1.1/nosup,269209,0.257142857143,0.363636363636,0.154434250765,No-Suppressors
/nfs/eecs-fserv/share/alipour/gcc_experiments/DATA2/3/roundroubin.1.1/noswarm,269209,0.333333333333,0.363636363636,0.154434250765,No-Swarm
/nfs/eecs-fserv/share/alipour/gcc_experiments/DATA2/3/roundroubin.2.1/halfswarm,280912,0.6,0.272727272727,0.2125382263,Half-Swarm
/nfs/eecs-fserv/share/alipour/gcc_experiments/DATA2/3/roundroubin.2.1/nosup,280912,0.782608695652,0.272727272727,0.2125382263,No-Suppressors
/nfs/eecs-fserv/share/alipour/gcc_experiments/DATA2/3/roundroubin.2.1/noswarm,280912,0.575757575758,0.272727272727,0.2125382263,No-Swarm
/nfs/eecs-fserv/share/alipour/gcc_experiments/DATA2/3/roundroubin.3.1/halfswarm,196111,0.641025641026,0.939393939394,0.27370030581,Half-Swarm
/nfs/eecs-fserv/share/alipour/gcc_experiments/DATA2/3/roundroubin.3.1/nosup,196111,0.810810810811,0.939393939394,0.27370030581,No-Suppressors
/nfs/eecs-fserv/share/alipour/gcc_experiments/DATA2/3/roundroubin.3.1/noswarm,196111,0.581395348837,0.939393939394,0.27370030581,No-Swarm
/nfs/eecs-fserv/share/alipour/gcc_experiments/DATA2/3/roundroubin.4.1/halfswarm,211761,0.5,0.393939393939,0.292048929664,Half-Swarm
/nfs/eecs-fserv/share/alipour/gcc_experiments/DATA2/3/roundroubin.4.1/nosup,211761,0.542857142857,0.393939393939,0.292048929664,No-Suppressors
/nfs/eecs-fserv/share/alipour/gcc_experiments/DATA2/3/roundroubin.4.1/noswarm,211761,0.386363636364,0.393939393939,0.292048929664,No-Swarm
/nfs/eecs-fserv/share/alipour/gcc_experiments/DATA2/4/roundroubin.0.1/halfswarm,177806,0.342857142857,0.181818181818,0.175847457627,Half-Swarm
/nfs/eecs-fserv/share/alipour/gcc_experiments/DATA2/4/roundroubin.0.1/nosup,177806,0.4,0.181818181818,0.175847457627,No-Suppressors
/nfs/eecs-fserv/share/alipour/gcc_experiments/DATA2/4/roundroubin.0.1/noswarm,177806,0.439024390244,0.181818181818,0.175847457627,No-Swarm
/nfs/eecs-fserv/share/alipour/gcc_experiments/DATA2/4/roundroubin.1.1/halfswarm,182864,0.285714285714,0.181818181818,0.252118644068,Half-Swarm
/nfs/eecs-fserv/share/alipour/gcc_experiments/DATA2/4/roundroubin.1.1/nosup,182864,0.181818181818,0.181818181818,0.252118644068,No-Suppressors
/nfs/eecs-fserv/share/alipour/gcc_experiments/DATA2/4/roundroubin.1.1/noswarm,182864,0.210526315789,0.181818181818,0.252118644068,No-Swarm
/nfs/eecs-fserv/share/alipour/gcc_experiments/DATA2/4/roundroubin.2.1/halfswarm,179361,0.321428571429,0.181818181818,0.237288135593,Half-Swarm
/nfs/eecs-fserv/share/alipour/gcc_experiments/DATA2/4/roundroubin.2.1/nosup,179361,0.666666666667,0.181818181818,0.237288135593,No-Suppressors
/nfs/eecs-fserv/share/alipour/gcc_experiments/DATA2/4/roundroubin.2.1/noswarm,179361,0.296875,0.181818181818,0.237288135593,No-Swarm
/nfs/eecs-fserv/share/alipour/gcc_experiments/DATA2/4/roundroubin.3.1/halfswarm,80861,0.396551724138,0.545454545455,0.254237288136,Half-Swarm
/nfs/eecs-fserv/share/alipour/gcc_experiments/DATA2/4/roundroubin.3.1/nosup,80861,0.767441860465,0.545454545455,0.254237288136,No-Suppressors
/nfs/eecs-fserv/share/alipour/gcc_experiments/DATA2/4/roundroubin.3.1/noswarm,80861,0.353846153846,0.545454545455,0.254237288136,No-Swarm
/nfs/eecs-fserv/share/alipour/gcc_experiments/DATA2/4/roundroubin.4.1/halfswarm,140508,0.341463414634,0.0,0.141949152542,Half-Swarm
/nfs/eecs-fserv/share/alipour/gcc_experiments/DATA2/4/roundroubin.4.1/nosup,140508,0.4375,0.0,0.141949152542,No-Suppressors
/nfs/eecs-fserv/share/alipour/gcc_experiments/DATA2/4/roundroubin.4.1/noswarm,140508,0.255319148936,0.0,0.141949152542,No-Swarm
/nfs/eecs-fserv/share/alipour/gcc_experiments/DATA2/5/roundroubin.0.1/halfswarm,241783,0.153846153846,0.0,0.131627056673,Half-Swarm
/nfs/eecs-fserv/share/alipour/gcc_experiments/DATA2/5/roundroubin.0.1/nosup,241783,0.236842105263,0.0,0.131627056673,No-Suppressors
/nfs/eecs-fserv/share/alipour/gcc_experiments/DATA2/5/roundroubin.0.1/noswarm,241783,0.178571428571,0.0,0.131627056673,No-Swarm
/nfs/eecs-fserv/share/alipour/gcc_experiments/DATA2/5/roundroubin.1.1/halfswarm,144838,0.4,0.125,0.127970749543,Half-Swarm
/nfs/eecs-fserv/share/alipour/gcc_experiments/DATA2/5/roundroubin.1.1/nosup,144838,0.440677966102,0.125,0.127970749543,No-Suppressors
/nfs/eecs-fserv/share/alipour/gcc_experiments/DATA2/5/roundroubin.1.1/noswarm,144838,0.377049180328,0.125,0.127970749543,No-Swarm
/nfs/eecs-fserv/share/alipour/gcc_experiments/DATA2/5/roundroubin.2.1/halfswarm,51312,0.283333333333,0.125,0.259597806216,Half-Swarm
/nfs/eecs-fserv/share/alipour/gcc_experiments/DATA2/5/roundroubin.2.1/nosup,51312,0.560975609756,0.125,0.259597806216,No-Suppressors
/nfs/eecs-fserv/share/alipour/gcc_experiments/DATA2/5/roundroubin.2.1/noswarm,51312,0.30303030303,0.125,0.259597806216,No-Swarm
/nfs/eecs-fserv/share/alipour/gcc_experiments/DATA2/5/roundroubin.3.1/halfswarm,68185,0.5,0.375,0.217550274223,Half-Swarm
/nfs/eecs-fserv/share/alipour/gcc_experiments/DATA2/5/roundroubin.3.1/nosup,68185,0.681818181818,0.375,0.217550274223,No-Suppressors
/nfs/eecs-fserv/share/alipour/gcc_experiments/DATA2/5/roundroubin.3.1/noswarm,68185,0.451612903226,0.375,0.217550274223,No-Swarm
/nfs/eecs-fserv/share/alipour/gcc_experiments/DATA2/5/roundroubin.4.1/halfswarm,42148,0.573770491803,0.0,0.239488117002,Half-Swarm
/nfs/eecs-fserv/share/alipour/gcc_experiments/DATA2/5/roundroubin.4.1/nosup,42148,0.818181818182,0.0,0.239488117002,No-Suppressors
/nfs/eecs-fserv/share/alipour/gcc_experiments/DATA2/5/roundroubin.4.1/noswarm,42148,0.457627118644,0.0,0.239488117002,No-Swarm
/nfs/eecs-fserv/share/alipour/gcc_experiments/DATA2/6/roundroubin.0.1/halfswarm,161533,0.347826086957,0.5,0.174672489083,Half-Swarm
/nfs/eecs-fserv/share/alipour/gcc_experiments/DATA2/6/roundroubin.0.1/nosup,161533,0.478260869565,0.5,0.174672489083,No-Suppressors
/nfs/eecs-fserv/share/alipour/gcc_experiments/DATA2/6/roundroubin.0.1/noswarm,161533,0.205882352941,0.5,0.174672489083,No-Swarm
/nfs/eecs-fserv/share/alipour/gcc_experiments/DATA2/6/roundroubin.1.1/halfswarm,42292,0.288888888889,0.147058823529,0.155749636099,Half-Swarm
/nfs/eecs-fserv/share/alipour/gcc_experiments/DATA2/6/roundroubin.1.1/nosup,42292,0.486486486486,0.147058823529,0.155749636099,No-Suppressors
/nfs/eecs-fserv/share/alipour/gcc_experiments/DATA2/6/roundroubin.1.1/noswarm,42292,0.279069767442,0.147058823529,0.155749636099,No-Swarm
/nfs/eecs-fserv/share/alipour/gcc_experiments/DATA2/6/roundroubin.2.1/halfswarm,261420,0.228571428571,0.352941176471,0.125181950509,Half-Swarm
/nfs/eecs-fserv/share/alipour/gcc_experiments/DATA2/6/roundroubin.2.1/nosup,261420,0.230769230769,0.352941176471,0.125181950509,No-Suppressors
/nfs/eecs-fserv/share/alipour/gcc_experiments/DATA2/6/roundroubin.2.1/noswarm,261420,0.486486486486,0.352941176471,0.125181950509,No-Swarm
/nfs/eecs-fserv/share/alipour/gcc_experiments/DATA2/6/roundroubin.3.1/halfswarm,281322,0.375,0.205882352941,0.17903930131,Half-Swarm
/nfs/eecs-fserv/share/alipour/gcc_experiments/DATA2/6/roundroubin.3.1/nosup,281322,0.621621621622,0.205882352941,0.17903930131,No-Suppressors
/nfs/eecs-fserv/share/alipour/gcc_experiments/DATA2/6/roundroubin.3.1/noswarm,281322,0.509803921569,0.205882352941,0.17903930131,No-Swarm
/nfs/eecs-fserv/share/alipour/gcc_experiments/DATA2/6/roundroubin.4.1/halfswarm,231769,0.756097560976,0.529411764706,0.296943231441,Half-Swarm
/nfs/eecs-fserv/share/alipour/gcc_experiments/DATA2/6/roundroubin.4.1/nosup,231769,0.722222222222,0.529411764706,0.296943231441,No-Suppressors
/nfs/eecs-fserv/share/alipour/gcc_experiments/DATA2/6/roundroubin.4.1/noswarm,231769,0.673913043478,0.529411764706,0.296943231441,No-Swarm
/nfs/eecs-fserv/share/alipour/gcc_experiments/DATA2/7/roundroubin.0.1/halfswarm,194501,0.25,0.0,0.106060606061,Half-Swarm
/nfs/eecs-fserv/share/alipour/gcc_experiments/DATA2/7/roundroubin.0.1/nosup,194501,0.166666666667,0.0,0.106060606061,No-Suppressors
/nfs/eecs-fserv/share/alipour/gcc_experiments/DATA2/7/roundroubin.0.1/noswarm,194501,0.227272727273,0.0,0.106060606061,No-Swarm
/nfs/eecs-fserv/share/alipour/gcc_experiments/DATA2/7/roundroubin.1.1/halfswarm,92528,0.170731707317,0.285714285714,0.143939393939,Half-Swarm
/nfs/eecs-fserv/share/alipour/gcc_experiments/DATA2/7/roundroubin.1.1/nosup,92528,0.333333333333,0.285714285714,0.143939393939,No-Suppressors
/nfs/eecs-fserv/share/alipour/gcc_experiments/DATA2/7/roundroubin.1.1/noswarm,92528,0.272727272727,0.285714285714,0.143939393939,No-Swarm
/nfs/eecs-fserv/share/alipour/gcc_experiments/DATA2/7/roundroubin.2.1/halfswarm,15895,0.435897435897,0.342857142857,0.131818181818,Half-Swarm
/nfs/eecs-fserv/share/alipour/gcc_experiments/DATA2/7/roundroubin.2.1/nosup,15895,0.32,0.342857142857,0.131818181818,No-Suppressors
/nfs/eecs-fserv/share/alipour/gcc_experiments/DATA2/7/roundroubin.2.1/noswarm,15895,0.466666666667,0.342857142857,0.131818181818,No-Swarm
/nfs/eecs-fserv/share/alipour/gcc_experiments/DATA2/7/roundroubin.3.1/halfswarm,137104,0.285714285714,0.0571428571429,0.124242424242,Half-Swarm
/nfs/eecs-fserv/share/alipour/gcc_experiments/DATA2/7/roundroubin.3.1/nosup,137104,0.277777777778,0.0571428571429,0.124242424242,No-Suppressors
/nfs/eecs-fserv/share/alipour/gcc_experiments/DATA2/7/roundroubin.3.1/noswarm,137104,0.32,0.0571428571429,0.124242424242,No-Swarm
/nfs/eecs-fserv/share/alipour/gcc_experiments/DATA2/7/roundroubin.4.1/halfswarm,66981,0.340909090909,0.314285714286,0.113636363636,Half-Swarm
/nfs/eecs-fserv/share/alipour/gcc_experiments/DATA2/7/roundroubin.4.1/nosup,66981,0.5,0.314285714286,0.113636363636,No-Suppressors
/nfs/eecs-fserv/share/alipour/gcc_experiments/DATA2/7/roundroubin.4.1/noswarm,66981,0.434782608696,0.314285714286,0.113636363636,No-Swarm
/nfs/eecs-fserv/share/alipour/gcc_experiments/DATA2/9/roundroubin.0.1/halfswarm,80958,0.677777777778,0.8,0.251788268956,Half-Swarm
/nfs/eecs-fserv/share/alipour/gcc_experiments/DATA2/9/roundroubin.0.1/nosup,80958,0.90625,0.8,0.251788268956,No-Suppressors
/nfs/eecs-fserv/share/alipour/gcc_experiments/DATA2/9/roundroubin.0.1/noswarm,80958,0.705263157895,0.8,0.251788268956,No-Swarm
/nfs/eecs-fserv/share/alipour/gcc_experiments/DATA2/9/roundroubin.1.1/halfswarm,250519,0.642857142857,0.8,0.168812589413,Half-Swarm
/nfs/eecs-fserv/share/alipour/gcc_experiments/DATA2/9/roundroubin.1.1/nosup,250519,0.806451612903,0.8,0.168812589413,No-Suppressors
/nfs/eecs-fserv/share/alipour/gcc_experiments/DATA2/9/roundroubin.1.1/noswarm,250519,0.729166666667,0.8,0.168812589413,No-Swarm
/nfs/eecs-fserv/share/alipour/gcc_experiments/DATA2/9/roundroubin.2.1/halfswarm,249702,0.346153846154,0.0571428571429,0.10443490701,Half-Swarm
/nfs/eecs-fserv/share/alipour/gcc_experiments/DATA2/9/roundroubin.2.1/nosup,249702,0.380952380952,0.0571428571429,0.10443490701,No-Suppressors
/nfs/eecs-fserv/share/alipour/gcc_experiments/DATA2/9/roundroubin.2.1/noswarm,249702,0.460317460317,0.0571428571429,0.10443490701,No-Swarm
/nfs/eecs-fserv/share/alipour/gcc_experiments/DATA2/9/roundroubin.3.1/halfswarm,129803,0.584905660377,0.6,0.147353361946,Half-Swarm
/nfs/eecs-fserv/share/alipour/gcc_experiments/DATA2/9/roundroubin.3.1/nosup,129803,0.56862745098,0.6,0.147353361946,No-Suppressors
/nfs/eecs-fserv/share/alipour/gcc_experiments/DATA2/9/roundroubin.3.1/noswarm,129803,0.440677966102,0.6,0.147353361946,No-Swarm
/nfs/eecs-fserv/share/alipour/gcc_experiments/DATA2/9/roundroubin.4.1/halfswarm,181204,0.90625,0.514285714286,0.143061516452,Half-Swarm
/nfs/eecs-fserv/share/alipour/gcc_experiments/DATA2/9/roundroubin.4.1/nosup,181204,0.6,0.514285714286,0.143061516452,No-Suppressors
/nfs/eecs-fserv/share/alipour/gcc_experiments/DATA2/9/roundroubin.4.1/noswarm,181204,0.756756756757,0.514285714286,0.143061516452,No-Swarm
/nfs/eecs-fserv/share/alipour/gcc_experiments/DATA2/11/roundroubin.0.1/halfswarm,72032,0.233333333333,0.114285714286,0.165137614679,Half-Swarm
/nfs/eecs-fserv/share/alipour/gcc_experiments/DATA2/11/roundroubin.0.1/nosup,72032,0.263157894737,0.114285714286,0.165137614679,No-Suppressors
/nfs/eecs-fserv/share/alipour/gcc_experiments/DATA2/11/roundroubin.0.1/noswarm,72032,0.258620689655,0.114285714286,0.165137614679,No-Swarm
/nfs/eecs-fserv/share/alipour/gcc_experiments/DATA2/11/roundroubin.1.1/halfswarm,30061,0.545454545455,0.771428571429,0.154434250765,Half-Swarm
/nfs/eecs-fserv/share/alipour/gcc_experiments/DATA2/11/roundroubin.1.1/nosup,30061,0.833333333333,0.771428571429,0.154434250765,No-Suppressors
/nfs/eecs-fserv/share/alipour/gcc_experiments/DATA2/11/roundroubin.1.1/noswarm,30061,0.225,0.771428571429,0.154434250765,No-Swarm
/nfs/eecs-fserv/share/alipour/gcc_experiments/DATA2/11/roundroubin.2.1/halfswarm,87378,0.373134328358,0.514285714286,0.235474006116,Half-Swarm
/nfs/eecs-fserv/share/alipour/gcc_experiments/DATA2/11/roundroubin.2.1/nosup,87378,0.625,0.514285714286,0.235474006116,No-Suppressors
/nfs/eecs-fserv/share/alipour/gcc_experiments/DATA2/11/roundroubin.2.1/noswarm,87378,0.346666666667,0.514285714286,0.235474006116,No-Swarm
/nfs/eecs-fserv/share/alipour/gcc_experiments/DATA2/11/roundroubin.3.1/halfswarm,181969,0.705882352941,0.771428571429,0.22629969419,Half-Swarm
/nfs/eecs-fserv/share/alipour/gcc_experiments/DATA2/11/roundroubin.3.1/nosup,181969,0.75,0.771428571429,0.22629969419,No-Suppressors
/nfs/eecs-fserv/share/alipour/gcc_experiments/DATA2/11/roundroubin.3.1/noswarm,181969,0.632352941176,0.771428571429,0.22629969419,No-Swarm
/nfs/eecs-fserv/share/alipour/gcc_experiments/DATA2/11/roundroubin.4.1/halfswarm,42531,0.380952380952,0.0571428571429,0.15749235474,Half-Swarm
/nfs/eecs-fserv/share/alipour/gcc_experiments/DATA2/11/roundroubin.4.1/nosup,42531,0.30303030303,0.0571428571429,0.15749235474,No-Suppressors
/nfs/eecs-fserv/share/alipour/gcc_experiments/DATA2/11/roundroubin.4.1/noswarm,42531,0.462962962963,0.0571428571429,0.15749235474,No-Swarm
/nfs/eecs-fserv/share/alipour/gcc_experiments/DATA2/12/roundroubin.0.1/halfswarm,71667,0.538461538462,0.821428571429,0.246073298429,Half-Swarm
/nfs/eecs-fserv/share/alipour/gcc_experiments/DATA2/12/roundroubin.0.1/nosup,71667,0.740740740741,0.821428571429,0.246073298429,No-Suppressors
/nfs/eecs-fserv/share/alipour/gcc_experiments/DATA2/12/roundroubin.0.1/noswarm,71667,0.277777777778,0.821428571429,0.246073298429,No-Swarm
/nfs/eecs-fserv/share/alipour/gcc_experiments/DATA2/12/roundroubin.1.1/halfswarm,41177,0.365853658537,0.607142857143,0.174520069808,Half-Swarm
/nfs/eecs-fserv/share/alipour/gcc_experiments/DATA2/12/roundroubin.1.1/nosup,41177,0.558823529412,0.607142857143,0.174520069808,No-Suppressors
/nfs/eecs-fserv/share/alipour/gcc_experiments/DATA2/12/roundroubin.1.1/noswarm,41177,0.235294117647,0.607142857143,0.174520069808,No-Swarm
/nfs/eecs-fserv/share/alipour/gcc_experiments/DATA2/12/roundroubin.2.1/halfswarm,154636,0.489361702128,0.142857142857,0.118673647469,Half-Swarm
/nfs/eecs-fserv/share/alipour/gcc_experiments/DATA2/12/roundroubin.2.1/nosup,154636,0.357142857143,0.142857142857,0.118673647469,No-Suppressors
/nfs/eecs-fserv/share/alipour/gcc_experiments/DATA2/12/roundroubin.2.1/noswarm,154636,0.436363636364,0.142857142857,0.118673647469,No-Swarm
/nfs/eecs-fserv/share/alipour/gcc_experiments/DATA2/12/roundroubin.3.1/halfswarm,265735,0.395833333333,0.107142857143,0.160558464223,Half-Swarm
/nfs/eecs-fserv/share/alipour/gcc_experiments/DATA2/12/roundroubin.3.1/nosup,265735,0.384615384615,0.107142857143,0.160558464223,No-Suppressors
/nfs/eecs-fserv/share/alipour/gcc_experiments/DATA2/12/roundroubin.3.1/noswarm,265735,0.245283018868,0.107142857143,0.160558464223,No-Swarm
/nfs/eecs-fserv/share/alipour/gcc_experiments/DATA2/12/roundroubin.4.1/halfswarm,196054,0.577777777778,0.678571428571,0.294938917976,Half-Swarm
/nfs/eecs-fserv/share/alipour/gcc_experiments/DATA2/12/roundroubin.4.1/nosup,196054,0.666666666667,0.678571428571,0.294938917976,No-Suppressors
/nfs/eecs-fserv/share/alipour/gcc_experiments/DATA2/12/roundroubin.4.1/noswarm,196054,0.380952380952,0.678571428571,0.294938917976,No-Swarm
/nfs/eecs-fserv/share/alipour/gcc_experiments/DATA2/13/roundroubin.0.1/halfswarm,128125,0.269230769231,0.129032258065,0.24,Half-Swarm
/nfs/eecs-fserv/share/alipour/gcc_experiments/DATA2/13/roundroubin.0.1/nosup,128125,0.470588235294,0.129032258065,0.24,No-Suppressors
/nfs/eecs-fserv/share/alipour/gcc_experiments/DATA2/13/roundroubin.1.1/halfswarm,67391,0.416666666667,0.129032258065,0.127407407407,Half-Swarm
/nfs/eecs-fserv/share/alipour/gcc_experiments/DATA2/13/roundroubin.1.1/nosup,67391,0.346153846154,0.129032258065,0.127407407407,No-Suppressors
/nfs/eecs-fserv/share/alipour/gcc_experiments/DATA2/13/roundroubin.1.1/noswarm,67391,0.35,0.129032258065,0.127407407407,No-Swarm
/nfs/eecs-fserv/share/alipour/gcc_experiments/DATA2/13/roundroubin.2.1/halfswarm,192556,0.444444444444,0.129032258065,0.10962962963,Half-Swarm
/nfs/eecs-fserv/share/alipour/gcc_experiments/DATA2/13/roundroubin.2.1/nosup,192556,0.454545454545,0.129032258065,0.10962962963,No-Suppressors
/nfs/eecs-fserv/share/alipour/gcc_experiments/DATA2/13/roundroubin.2.1/noswarm,192556,0.46875,0.129032258065,0.10962962963,No-Swarm
/nfs/eecs-fserv/share/alipour/gcc_experiments/DATA2/13/roundroubin.3.1/halfswarm,259842,0.647058823529,0.387096774194,0.121481481481,Half-Swarm
/nfs/eecs-fserv/share/alipour/gcc_experiments/DATA2/13/roundroubin.3.1/nosup,259842,0.375,0.387096774194,0.121481481481,No-Suppressors
/nfs/eecs-fserv/share/alipour/gcc_experiments/DATA2/13/roundroubin.3.1/noswarm,259842,0.5,0.387096774194,0.121481481481,No-Swarm
/nfs/eecs-fserv/share/alipour/gcc_experiments/DATA2/13/roundroubin.4.1/halfswarm,44191,0.648648648649,0.741935483871,0.265185185185,Half-Swarm
/nfs/eecs-fserv/share/alipour/gcc_experiments/DATA2/13/roundroubin.4.1/nosup,44191,0.84375,0.741935483871,0.265185185185,No-Suppressors
/nfs/eecs-fserv/share/alipour/gcc_experiments/DATA2/13/roundroubin.4.1/noswarm,44191,0.463414634146,0.741935483871,0.265185185185,No-Swarm
/nfs/eecs-fserv/share/alipour/gcc_experiments/DATA2/15/roundroubin.0.1/halfswarm,129641,0.4,0.194444444444,0.248417721519,Half-Swarm
/nfs/eecs-fserv/share/alipour/gcc_experiments/DATA2/15/roundroubin.0.1/nosup,129641,0.833333333333,0.194444444444,0.248417721519,No-Suppressors
/nfs/eecs-fserv/share/alipour/gcc_experiments/DATA2/15/roundroubin.0.1/noswarm,129641,0.529411764706,0.194444444444,0.248417721519,No-Swarm
/nfs/eecs-fserv/share/alipour/gcc_experiments/DATA2/15/roundroubin.1.1/halfswarm,161078,0.6,0.583333333333,0.299050632911,Half-Swarm
/nfs/eecs-fserv/share/alipour/gcc_experiments/DATA2/15/roundroubin.1.1/nosup,161078,0.714285714286,0.583333333333,0.299050632911,No-Suppressors
/nfs/eecs-fserv/share/alipour/gcc_experiments/DATA2/15/roundroubin.1.1/noswarm,161078,0.645161290323,0.583333333333,0.299050632911,No-Swarm
/nfs/eecs-fserv/share/alipour/gcc_experiments/DATA2/15/roundroubin.2.1/halfswarm,290661,0.375,0.305555555556,0.123417721519,Half-Swarm
/nfs/eecs-fserv/share/alipour/gcc_experiments/DATA2/15/roundroubin.2.1/nosup,290661,0.4,0.305555555556,0.123417721519,No-Suppressors
/nfs/eecs-fserv/share/alipour/gcc_experiments/DATA2/15/roundroubin.2.1/noswarm,290661,0.428571428571,0.305555555556,0.123417721519,No-Swarm
/nfs/eecs-fserv/share/alipour/gcc_experiments/DATA2/15/roundroubin.3.1/halfswarm,195988,0.320754716981,0.111111111111,0.219936708861,Half-Swarm
/nfs/eecs-fserv/share/alipour/gcc_experiments/DATA2/15/roundroubin.3.1/nosup,195988,0.6,0.111111111111,0.219936708861,No-Suppressors
/nfs/eecs-fserv/share/alipour/gcc_experiments/DATA2/15/roundroubin.3.1/noswarm,195988,0.241935483871,0.111111111111,0.219936708861,No-Swarm
/nfs/eecs-fserv/share/alipour/gcc_experiments/DATA2/15/roundroubin.4.1/halfswarm,156309,0.375,0.0555555555556,0.139240506329,Half-Swarm
/nfs/eecs-fserv/share/alipour/gcc_experiments/DATA2/15/roundroubin.4.1/nosup,156309,0.470588235294,0.0555555555556,0.139240506329,No-Suppressors
/nfs/eecs-fserv/share/alipour/gcc_experiments/DATA2/15/roundroubin.4.1/noswarm,156309,0.36,0.0555555555556,0.139240506329,No-Swarm
/nfs/eecs-fserv/share/alipour/gcc_experiments/DATA2/16/roundroubin.0.1/halfswarm,71828,0.203703703704,0.063829787234,0.166956521739,Half-Swarm
/nfs/eecs-fserv/share/alipour/gcc_experiments/DATA2/16/roundroubin.0.1/nosup,71828,0.307692307692,0.063829787234,0.166956521739,No-Suppressors
/nfs/eecs-fserv/share/alipour/gcc_experiments/DATA2/16/roundroubin.0.1/noswarm,71828,0.15873015873,0.063829787234,0.166956521739,No-Swarm
/nfs/eecs-fserv/share/alipour/gcc_experiments/DATA2/16/roundroubin.1.1/halfswarm,240825,0.206896551724,0.063829787234,0.121739130435,Half-Swarm
/nfs/eecs-fserv/share/alipour/gcc_experiments/DATA2/16/roundroubin.1.1/nosup,240825,0.119047619048,0.063829787234,0.121739130435,No-Suppressors
/nfs/eecs-fserv/share/alipour/gcc_experiments/DATA2/16/roundroubin.2.1/halfswarm,144539,0.428571428571,0.106382978723,0.133913043478,Half-Swarm
/nfs/eecs-fserv/share/alipour/gcc_experiments/DATA2/16/roundroubin.2.1/nosup,144539,0.387755102041,0.106382978723,0.133913043478,No-Suppressors
/nfs/eecs-fserv/share/alipour/gcc_experiments/DATA2/16/roundroubin.2.1/noswarm,144539,0.349206349206,0.106382978723,0.133913043478,No-Swarm
/nfs/eecs-fserv/share/alipour/gcc_experiments/DATA2/16/roundroubin.3.1/halfswarm,71722,0.68,0.68085106383,0.201739130435,Half-Swarm
/nfs/eecs-fserv/share/alipour/gcc_experiments/DATA2/16/roundroubin.3.1/nosup,71722,0.720930232558,0.68085106383,0.201739130435,No-Suppressors
/nfs/eecs-fserv/share/alipour/gcc_experiments/DATA2/16/roundroubin.3.1/noswarm,71722,0.642857142857,0.68085106383,0.201739130435,No-Swarm
/nfs/eecs-fserv/share/alipour/gcc_experiments/DATA2/16/roundroubin.4.1/halfswarm,87285,0.491803278689,0.468085106383,0.245217391304,Half-Swarm
/nfs/eecs-fserv/share/alipour/gcc_experiments/DATA2/16/roundroubin.4.1/nosup,87285,0.52380952381,0.468085106383,0.245217391304,No-Suppressors
/nfs/eecs-fserv/share/alipour/gcc_experiments/DATA2/16/roundroubin.4.1/noswarm,87285,0.528571428571,0.468085106383,0.245217391304,No-Swarm
/nfs/eecs-fserv/share/alipour/gcc_experiments/DATA2/17/roundroubin.0.1/halfswarm,30606,0.578947368421,0.837837837838,0.152801358234,Half-Swarm
/nfs/eecs-fserv/share/alipour/gcc_experiments/DATA2/17/roundroubin.0.1/nosup,30606,0.666666666667,0.837837837838,0.152801358234,No-Suppressors
/nfs/eecs-fserv/share/alipour/gcc_experiments/DATA2/17/roundroubin.0.1/noswarm,30606,0.590909090909,0.837837837838,0.152801358234,No-Swarm
/nfs/eecs-fserv/share/alipour/gcc_experiments/DATA2/17/roundroubin.1.1/halfswarm,82540,0.675675675676,0.783783783784,0.18505942275,Half-Swarm
/nfs/eecs-fserv/share/alipour/gcc_experiments/DATA2/17/roundroubin.1.1/nosup,82540,0.7,0.783783783784,0.18505942275,No-Suppressors
/nfs/eecs-fserv/share/alipour/gcc_experiments/DATA2/17/roundroubin.1.1/noswarm,82540,0.490909090909,0.783783783784,0.18505942275,No-Swarm
/nfs/eecs-fserv/share/alipour/gcc_experiments/DATA2/17/roundroubin.2.1/halfswarm,542,0.421052631579,0.594594594595,0.259762308998,Half-Swarm
/nfs/eecs-fserv/share/alipour/gcc_experiments/DATA2/17/roundroubin.2.1/nosup,542,0.47619047619,0.594594594595,0.259762308998,No-Suppressors
/nfs/eecs-fserv/share/alipour/gcc_experiments/DATA2/17/roundroubin.2.1/noswarm,542,0.464788732394,0.594594594595,0.259762308998,No-Swarm
/nfs/eecs-fserv/share/alipour/gcc_experiments/DATA2/17/roundroubin.3.1/halfswarm,258956,0.360655737705,0.135135135135,0.285229202037,Half-Swarm
/nfs/eecs-fserv/share/alipour/gcc_experiments/DATA2/17/roundroubin.3.1/nosup,258956,0.342105263158,0.135135135135,0.285229202037,No-Suppressors
/nfs/eecs-fserv/share/alipour/gcc_experiments/DATA2/17/roundroubin.3.1/noswarm,258956,0.48275862069,0.135135135135,0.285229202037,No-Swarm
/nfs/eecs-fserv/share/alipour/gcc_experiments/DATA2/17/roundroubin.4.1/halfswarm,141585,0.416666666667,0.216216216216,0.140916808149,Half-Swarm
/nfs/eecs-fserv/share/alipour/gcc_experiments/DATA2/17/roundroubin.4.1/nosup,141585,0.5,0.216216216216,0.140916808149,No-Suppressors
/nfs/eecs-fserv/share/alipour/gcc_experiments/DATA2/17/roundroubin.4.1/noswarm,141585,0.59649122807,0.216216216216,0.140916808149,No-Swarm
/nfs/eecs-fserv/share/alipour/gcc_experiments/DATA2/18/roundroubin.0.1/halfswarm,39684,0.537037037037,0.780487804878,0.235867446394,Half-Swarm
/nfs/eecs-fserv/share/alipour/gcc_experiments/DATA2/18/roundroubin.0.1/nosup,39684,0.795454545455,0.780487804878,0.235867446394,No-Suppressors
/nfs/eecs-fserv/share/alipour/gcc_experiments/DATA2/18/roundroubin.0.1/noswarm,39684,0.125,0.780487804878,0.235867446394,No-Swarm
/nfs/eecs-fserv/share/alipour/gcc_experiments/DATA2/18/roundroubin.1.1/halfswarm,198842,0.366666666667,0.170731707317,0.152046783626,Half-Swarm
/nfs/eecs-fserv/share/alipour/gcc_experiments/DATA2/18/roundroubin.1.1/nosup,198842,0.113636363636,0.170731707317,0.152046783626,No-Suppressors
/nfs/eecs-fserv/share/alipour/gcc_experiments/DATA2/18/roundroubin.1.1/noswarm,198842,0.149253731343,0.170731707317,0.152046783626,No-Swarm
/nfs/eecs-fserv/share/alipour/gcc_experiments/DATA2/18/roundroubin.2.1/halfswarm,181844,0.464285714286,0.780487804878,0.280701754386,Half-Swarm
/nfs/eecs-fserv/share/alipour/gcc_experiments/DATA2/18/roundroubin.2.1/nosup,181844,0.837209302326,0.780487804878,0.280701754386,No-Suppressors
/nfs/eecs-fserv/share/alipour/gcc_experiments/DATA2/18/roundroubin.2.1/noswarm,181844,0.153846153846,0.780487804878,0.280701754386,No-Swarm
/nfs/eecs-fserv/share/alipour/gcc_experiments/DATA2/18/roundroubin.3.1/halfswarm,227154,0.409090909091,0.19512195122,0.105263157895,Half-Swarm
/nfs/eecs-fserv/share/alipour/gcc_experiments/DATA2/18/roundroubin.3.1/nosup,227154,0.244444444444,0.19512195122,0.105263157895,No-Suppressors
/nfs/eecs-fserv/share/alipour/gcc_experiments/DATA2/18/roundroubin.3.1/noswarm,227154,0.44,0.19512195122,0.105263157895,No-Swarm
/nfs/eecs-fserv/share/alipour/gcc_experiments/DATA2/18/roundroubin.4.1/halfswarm,232488,0.465517241379,0.268292682927,0.294346978558,Half-Swarm
/nfs/eecs-fserv/share/alipour/gcc_experiments/DATA2/18/roundroubin.4.1/nosup,232488,0.581395348837,0.268292682927,0.294346978558,No-Suppressors
/nfs/eecs-fserv/share/alipour/gcc_experiments/DATA2/18/roundroubin.4.1/noswarm,232488,0.417910447761,0.268292682927,0.294346978558,No-Swarm
/nfs/eecs-fserv/share/alipour/gcc_experiments/DATA2/19/roundroubin.0.1/halfswarm,139991,0.490909090909,0.156862745098,0.138067061144,Half-Swarm
/nfs/eecs-fserv/share/alipour/gcc_experiments/DATA2/19/roundroubin.0.1/nosup,139991,0.47619047619,0.156862745098,0.138067061144,No-Suppressors
/nfs/eecs-fserv/share/alipour/gcc_experiments/DATA2/19/roundroubin.0.1/noswarm,139991,0.439393939394,0.156862745098,0.138067061144,No-Swarm
/nfs/eecs-fserv/share/alipour/gcc_experiments/DATA2/19/roundroubin.1.1/halfswarm,139029,0.243902439024,0.235294117647,0.118343195266,Half-Swarm
/nfs/eecs-fserv/share/alipour/gcc_experiments/DATA2/19/roundroubin.1.1/nosup,139029,0.42,0.235294117647,0.118343195266,No-Suppressors
/nfs/eecs-fserv/share/alipour/gcc_experiments/DATA2/19/roundroubin.1.1/noswarm,139029,0.0736842105263,0.235294117647,0.118343195266,No-Swarm
/nfs/eecs-fserv/share/alipour/gcc_experiments/DATA2/19/roundroubin.2.1/halfswarm,245604,0.447058823529,0.470588235294,0.189349112426,Half-Swarm
/nfs/eecs-fserv/share/alipour/gcc_experiments/DATA2/19/roundroubin.2.1/nosup,245604,0.45,0.470588235294,0.189349112426,No-Suppressors
/nfs/eecs-fserv/share/alipour/gcc_experiments/DATA2/19/roundroubin.2.1/noswarm,245604,0.343434343434,0.470588235294,0.189349112426,No-Swarm
/nfs/eecs-fserv/share/alipour/gcc_experiments/DATA2/19/roundroubin.3.1/halfswarm,42089,0.746987951807,0.509803921569,0.25641025641,Half-Swarm
/nfs/eecs-fserv/share/alipour/gcc_experiments/DATA2/19/roundroubin.3.1/nosup,42089,0.746835443038,0.509803921569,0.25641025641,No-Suppressors
/nfs/eecs-fserv/share/alipour/gcc_experiments/DATA2/19/roundroubin.3.1/noswarm,42089,0.511111111111,0.509803921569,0.25641025641,No-Swarm
/nfs/eecs-fserv/share/alipour/gcc_experiments/DATA2/19/roundroubin.4.1/halfswarm,33545,0.226666666667,0.274509803922,0.122287968442,Half-Swarm
/nfs/eecs-fserv/share/alipour/gcc_experiments/DATA2/19/roundroubin.4.1/nosup,33545,0.434782608696,0.274509803922,0.122287968442,No-Suppressors
/nfs/eecs-fserv/share/alipour/gcc_experiments/DATA2/19/roundroubin.4.1/noswarm,33545,0.218390804598,0.274509803922,0.122287968442,No-Swarm
/nfs/eecs-fserv/share/alipour/gcc_experiments/DATA2/20/roundroubin.0.1/halfswarm,41869,0.6375,0.74358974359,0.184290030211,Half-Swarm
/nfs/eecs-fserv/share/alipour/gcc_experiments/DATA2/20/roundroubin.0.1/nosup,41869,0.80701754386,0.74358974359,0.184290030211,No-Suppressors
/nfs/eecs-fserv/share/alipour/gcc_experiments/DATA2/20/roundroubin.0.1/noswarm,41869,0.557894736842,0.74358974359,0.184290030211,No-Swarm
/nfs/eecs-fserv/share/alipour/gcc_experiments/DATA2/20/roundroubin.1.1/halfswarm,45004,0.166666666667,0.102564102564,0.128398791541,Half-Swarm
/nfs/eecs-fserv/share/alipour/gcc_experiments/DATA2/20/roundroubin.1.1/nosup,45004,0.176470588235,0.102564102564,0.128398791541,No-Suppressors
/nfs/eecs-fserv/share/alipour/gcc_experiments/DATA2/20/roundroubin.1.1/noswarm,45004,0.208333333333,0.102564102564,0.128398791541,No-Swarm
/nfs/eecs-fserv/share/alipour/gcc_experiments/DATA2/20/roundroubin.2.1/halfswarm,27937,0.320754716981,0.358974358974,0.110271903323,Half-Swarm
/nfs/eecs-fserv/share/alipour/gcc_experiments/DATA2/20/roundroubin.2.1/nosup,27937,0.341463414634,0.358974358974,0.110271903323,No-Suppressors
/nfs/eecs-fserv/share/alipour/gcc_experiments/DATA2/20/roundroubin.2.1/noswarm,27937,0.373134328358,0.358974358974,0.110271903323,No-Swarm
/nfs/eecs-fserv/share/alipour/gcc_experiments/DATA2/20/roundroubin.3.1/halfswarm,158291,0.367816091954,0.461538461538,0.299093655589,Half-Swarm
/nfs/eecs-fserv/share/alipour/gcc_experiments/DATA2/20/roundroubin.3.1/nosup,158291,0.451612903226,0.461538461538,0.299093655589,No-Suppressors
/nfs/eecs-fserv/share/alipour/gcc_experiments/DATA2/20/roundroubin.3.1/noswarm,158291,0.49,0.461538461538,0.299093655589,No-Swarm
/nfs/eecs-fserv/share/alipour/gcc_experiments/DATA2/20/roundroubin.4.1/halfswarm,136925,0.166666666667,0.333333333333,0.107250755287,Half-Swarm
/nfs/eecs-fserv/share/alipour/gcc_experiments/DATA2/20/roundroubin.4.1/nosup,136925,0.282051282051,0.333333333333,0.107250755287,No-Suppressors
/nfs/eecs-fserv/share/alipour/gcc_experiments/DATA2/20/roundroubin.4.1/noswarm,136925,0.103448275862,0.333333333333,0.107250755287,No-Swarm
/nfs/eecs-fserv/share/alipour/gcc_experiments/DATA2/21/roundroubin.0.1/halfswarm,1343,0.698113207547,0.822222222222,0.265676567657,Half-Swarm
/nfs/eecs-fserv/share/alipour/gcc_experiments/DATA2/21/roundroubin.0.1/nosup,1343,0.689655172414,0.822222222222,0.265676567657,No-Suppressors
/nfs/eecs-fserv/share/alipour/gcc_experiments/DATA2/21/roundroubin.0.1/noswarm,1343,0.458333333333,0.822222222222,0.265676567657,No-Swarm
/nfs/eecs-fserv/share/alipour/gcc_experiments/DATA2/21/roundroubin.1.1/halfswarm,247605,0.68,0.8,0.277227722772,Half-Swarm
/nfs/eecs-fserv/share/alipour/gcc_experiments/DATA2/21/roundroubin.1.1/nosup,247605,0.693548387097,0.8,0.277227722772,No-Suppressors
/nfs/eecs-fserv/share/alipour/gcc_experiments/DATA2/21/roundroubin.1.1/noswarm,247605,0.590909090909,0.8,0.277227722772,No-Swarm
/nfs/eecs-fserv/share/alipour/gcc_experiments/DATA2/21/roundroubin.2.1/halfswarm,262277,0.349206349206,0.155555555556,0.222772277228,Half-Swarm
/nfs/eecs-fserv/share/alipour/gcc_experiments/DATA2/21/roundroubin.2.1/nosup,262277,0.46,0.155555555556,0.222772277228,No-Suppressors
/nfs/eecs-fserv/share/alipour/gcc_experiments/DATA2/21/roundroubin.3.1/halfswarm,15152,0.451612903226,0.577777777778,0.115511551155,Half-Swarm
/nfs/eecs-fserv/share/alipour/gcc_experiments/DATA2/21/roundroubin.3.1/nosup,15152,0.448979591837,0.577777777778,0.115511551155,No-Suppressors
/nfs/eecs-fserv/share/alipour/gcc_experiments/DATA2/21/roundroubin.3.1/noswarm,15152,0.4,0.577777777778,0.115511551155,No-Swarm
/nfs/eecs-fserv/share/alipour/gcc_experiments/DATA2/21/roundroubin.4.1/halfswarm,142080,0.269841269841,0.2,0.125412541254,Half-Swarm
/nfs/eecs-fserv/share/alipour/gcc_experiments/DATA2/21/roundroubin.4.1/nosup,142080,0.446428571429,0.2,0.125412541254,No-Suppressors
/nfs/eecs-fserv/share/alipour/gcc_experiments/DATA2/21/roundroubin.4.1/noswarm,142080,0.36170212766,0.2,0.125412541254,No-Swarm
/nfs/eecs-fserv/share/alipour/gcc_experiments/DATA2/22/roundroubin.0.1/halfswarm,213835,0.361111111111,0.210526315789,0.149789029536,Half-Swarm
/nfs/eecs-fserv/share/alipour/gcc_experiments/DATA2/22/roundroubin.0.1/nosup,213835,0.233333333333,0.210526315789,0.149789029536,No-Suppressors
/nfs/eecs-fserv/share/alipour/gcc_experiments/DATA2/22/roundroubin.0.1/noswarm,213835,0.275,0.210526315789,0.149789029536,No-Swarm
/nfs/eecs-fserv/share/alipour/gcc_experiments/DATA2/22/roundroubin.1.1/halfswarm,156693,0.394736842105,0.157894736842,0.128691983122,Half-Swarm
/nfs/eecs-fserv/share/alipour/gcc_experiments/DATA2/22/roundroubin.1.1/nosup,156693,0.25,0.157894736842,0.128691983122,No-Suppressors
/nfs/eecs-fserv/share/alipour/gcc_experiments/DATA2/22/roundroubin.1.1/noswarm,156693,0.377777777778,0.157894736842,0.128691983122,No-Swarm
/nfs/eecs-fserv/share/alipour/gcc_experiments/DATA2/22/roundroubin.2.1/halfswarm,15899,0.46511627907,0.473684210526,0.126582278481,Half-Swarm
/nfs/eecs-fserv/share/alipour/gcc_experiments/DATA2/22/roundroubin.2.1/nosup,15899,0.363636363636,0.473684210526,0.126582278481,No-Suppressors
/nfs/eecs-fserv/share/alipour/gcc_experiments/DATA2/22/roundroubin.2.1/noswarm,15899,0.425531914894,0.473684210526,0.126582278481,No-Swarm
/nfs/eecs-fserv/share/alipour/gcc_experiments/DATA2/22/roundroubin.3.1/halfswarm,267974,0.615384615385,0.684210526316,0.229957805907,Half-Swarm
/nfs/eecs-fserv/share/alipour/gcc_experiments/DATA2/22/roundroubin.3.1/nosup,267974,0.484848484848,0.684210526316,0.229957805907,No-Suppressors
/nfs/eecs-fserv/share/alipour/gcc_experiments/DATA2/22/roundroubin.3.1/noswarm,267974,0.5,0.684210526316,0.229957805907,No-Swarm
/nfs/eecs-fserv/share/alipour/gcc_experiments/DATA2/22/roundroubin.4.1/halfswarm,181171,0.448275862069,0.789473684211,0.175105485232,Half-Swarm
/nfs/eecs-fserv/share/alipour/gcc_experiments/DATA2/22/roundroubin.4.1/nosup,181171,0.75,0.789473684211,0.175105485232,No-Suppressors
/nfs/eecs-fserv/share/alipour/gcc_experiments/DATA2/22/roundroubin.4.1/noswarm,181171,0.48275862069,0.789473684211,0.175105485232,No-Swarm
/nfs/eecs-fserv/share/alipour/gcc_experiments/DATA2/23/roundroubin.0.1/halfswarm,229268,0.30303030303,0.194444444444,0.121951219512,Half-Swarm
/nfs/eecs-fserv/share/alipour/gcc_experiments/DATA2/23/roundroubin.0.1/nosup,229268,0.394736842105,0.194444444444,0.121951219512,No-Suppressors
/nfs/eecs-fserv/share/alipour/gcc_experiments/DATA2/23/roundroubin.0.1/noswarm,229268,0.42,0.194444444444,0.121951219512,No-Swarm
/nfs/eecs-fserv/share/alipour/gcc_experiments/DATA2/23/roundroubin.1.1/halfswarm,233424,0.357142857143,0.333333333333,0.108647450111,Half-Swarm
/nfs/eecs-fserv/share/alipour/gcc_experiments/DATA2/23/roundroubin.1.1/nosup,233424,0.354838709677,0.333333333333,0.108647450111,No-Suppressors
/nfs/eecs-fserv/share/alipour/gcc_experiments/DATA2/23/roundroubin.1.1/noswarm,233424,0.203389830508,0.333333333333,0.108647450111,No-Swarm
/nfs/eecs-fserv/share/alipour/gcc_experiments/DATA2/23/roundroubin.2.1/halfswarm,235206,0.192307692308,0.222222222222,0.121951219512,Half-Swarm
/nfs/eecs-fserv/share/alipour/gcc_experiments/DATA2/23/roundroubin.2.1/nosup,235206,0.179487179487,0.222222222222,0.121951219512,No-Suppressors
/nfs/eecs-fserv/share/alipour/gcc_experiments/DATA2/23/roundroubin.2.1/noswarm,235206,0.169491525424,0.222222222222,0.121951219512,No-Swarm
/nfs/eecs-fserv/share/alipour/gcc_experiments/DATA2/23/roundroubin.3.1/halfswarm,68115,0.422222222222,0.138888888889,0.20177383592,Half-Swarm
/nfs/eecs-fserv/share/alipour/gcc_experiments/DATA2/23/roundroubin.3.1/nosup,68115,0.416666666667,0.138888888889,0.20177383592,No-Suppressors
/nfs/eecs-fserv/share/alipour/gcc_experiments/DATA2/23/roundroubin.3.1/noswarm,68115,0.326923076923,0.138888888889,0.20177383592,No-Swarm
/nfs/eecs-fserv/share/alipour/gcc_experiments/DATA2/23/roundroubin.4.1/halfswarm,140639,0.395348837209,0.138888888889,0.126385809313,Half-Swarm
/nfs/eecs-fserv/share/alipour/gcc_experiments/DATA2/23/roundroubin.4.1/nosup,140639,0.361111111111,0.138888888889,0.126385809313,No-Suppressors
/nfs/eecs-fserv/share/alipour/gcc_experiments/DATA2/23/roundroubin.4.1/noswarm,140639,0.428571428571,0.138888888889,0.126385809313,No-Swarm
/nfs/eecs-fserv/share/alipour/gcc_experiments/DATA2/24/roundroubin.0.1/halfswarm,242114,0.572916666667,0.194444444444,0.286350148368,Half-Swarm
/nfs/eecs-fserv/share/alipour/gcc_experiments/DATA2/24/roundroubin.0.1/nosup,242114,0.53125,0.194444444444,0.286350148368,No-Suppressors
/nfs/eecs-fserv/share/alipour/gcc_experiments/DATA2/24/roundroubin.0.1/noswarm,242114,0.589285714286,0.194444444444,0.286350148368,No-Swarm
/nfs/eecs-fserv/share/alipour/gcc_experiments/DATA2/24/roundroubin.1.1/halfswarm,200274,0.348837209302,0.194444444444,0.272997032641,Half-Swarm
/nfs/eecs-fserv/share/alipour/gcc_experiments/DATA2/24/roundroubin.1.1/nosup,200274,0.540540540541,0.194444444444,0.272997032641,No-Suppressors
/nfs/eecs-fserv/share/alipour/gcc_experiments/DATA2/24/roundroubin.1.1/noswarm,200274,0.4,0.194444444444,0.272997032641,No-Swarm
/nfs/eecs-fserv/share/alipour/gcc_experiments/DATA2/24/roundroubin.2.1/halfswarm,136836,0.490566037736,0.138888888889,0.258160237389,Half-Swarm
/nfs/eecs-fserv/share/alipour/gcc_experiments/DATA2/24/roundroubin.2.1/nosup,136836,0.212121212121,0.138888888889,0.258160237389,No-Suppressors
/nfs/eecs-fserv/share/alipour/gcc_experiments/DATA2/24/roundroubin.2.1/noswarm,136836,0.15873015873,0.138888888889,0.258160237389,No-Swarm
/nfs/eecs-fserv/share/alipour/gcc_experiments/DATA2/24/roundroubin.3.1/halfswarm,200791,0.608695652174,0.777777777778,0.117210682493,Half-Swarm
/nfs/eecs-fserv/share/alipour/gcc_experiments/DATA2/24/roundroubin.3.1/nosup,200791,0.56,0.777777777778,0.117210682493,No-Suppressors
/nfs/eecs-fserv/share/alipour/gcc_experiments/DATA2/24/roundroubin.3.1/noswarm,200791,0.444444444444,0.777777777778,0.117210682493,No-Swarm
/nfs/eecs-fserv/share/alipour/gcc_experiments/DATA2/24/roundroubin.4.1/halfswarm,123941,0.425531914894,0.222222222222,0.238872403561,Half-Swarm
/nfs/eecs-fserv/share/alipour/gcc_experiments/DATA2/24/roundroubin.4.1/nosup,123941,0.514285714286,0.222222222222,0.238872403561,No-Suppressors
/nfs/eecs-fserv/share/alipour/gcc_experiments/DATA2/24/roundroubin.4.1/noswarm,123941,0.340425531915,0.222222222222,0.238872403561,No-Swarm
/nfs/eecs-fserv/share/alipour/gcc_experiments/DATA2/25/roundroubin.0.1/halfswarm,33525,0.415584415584,0.481481481481,0.292263610315,Half-Swarm
/nfs/eecs-fserv/share/alipour/gcc_experiments/DATA2/25/roundroubin.0.1/nosup,33525,0.307692307692,0.481481481481,0.292263610315,No-Suppressors
/nfs/eecs-fserv/share/alipour/gcc_experiments/DATA2/25/roundroubin.0.1/noswarm,33525,0.305263157895,0.481481481481,0.292263610315,No-Swarm
/nfs/eecs-fserv/share/alipour/gcc_experiments/DATA2/25/roundroubin.1.1/halfswarm,37232,0.412698412698,0.296296296296,0.171919770774,Half-Swarm
/nfs/eecs-fserv/share/alipour/gcc_experiments/DATA2/25/roundroubin.1.1/nosup,37232,0.365384615385,0.296296296296,0.171919770774,No-Suppressors
/nfs/eecs-fserv/share/alipour/gcc_experiments/DATA2/25/roundroubin.1.1/noswarm,37232,0.246753246753,0.296296296296,0.171919770774,No-Swarm
/nfs/eecs-fserv/share/alipour/gcc_experiments/DATA2/25/roundroubin.2.1/halfswarm,30274,0.608695652174,0.814814814815,0.137535816619,Half-Swarm
/nfs/eecs-fserv/share/alipour/gcc_experiments/DATA2/25/roundroubin.2.1/nosup,30274,0.767857142857,0.814814814815,0.137535816619,No-Suppressors
/nfs/eecs-fserv/share/alipour/gcc_experiments/DATA2/25/roundroubin.2.1/noswarm,30274,0.518072289157,0.814814814815,0.137535816619,No-Swarm
/nfs/eecs-fserv/share/alipour/gcc_experiments/DATA2/25/roundroubin.3.1/halfswarm,124009,0.4,0.185185185185,0.111747851003,Half-Swarm
/nfs/eecs-fserv/share/alipour/gcc_experiments/DATA2/25/roundroubin.3.1/nosup,124009,0.24,0.185185185185,0.111747851003,No-Suppressors
/nfs/eecs-fserv/share/alipour/gcc_experiments/DATA2/25/roundroubin.3.1/noswarm,124009,0.382352941176,0.185185185185,0.111747851003,No-Swarm
/nfs/eecs-fserv/share/alipour/gcc_experiments/DATA2/25/roundroubin.4.1/halfswarm,114,0.46875,0.703703703704,0.267908309456,Half-Swarm
/nfs/eecs-fserv/share/alipour/gcc_experiments/DATA2/25/roundroubin.4.1/nosup,114,0.590909090909,0.703703703704,0.267908309456,No-Suppressors
/nfs/eecs-fserv/share/alipour/gcc_experiments/DATA2/25/roundroubin.4.1/noswarm,114,0.657894736842,0.703703703704,0.267908309456,No-Swarm
/nfs/eecs-fserv/share/alipour/gcc_experiments/DATA2/26/roundroubin.0.1/halfswarm,229835,0.5,0.153846153846,0.238260869565,Half-Swarm
/nfs/eecs-fserv/share/alipour/gcc_experiments/DATA2/26/roundroubin.0.1/nosup,229835,0.509090909091,0.153846153846,0.238260869565,No-Suppressors
/nfs/eecs-fserv/share/alipour/gcc_experiments/DATA2/26/roundroubin.0.1/noswarm,229835,0.644444444444,0.153846153846,0.238260869565,No-Swarm
/nfs/eecs-fserv/share/alipour/gcc_experiments/DATA2/26/roundroubin.1.1/halfswarm,254430,0.188679245283,0.025641025641,0.132173913043,Half-Swarm
/nfs/eecs-fserv/share/alipour/gcc_experiments/DATA2/26/roundroubin.1.1/nosup,254430,0.225,0.025641025641,0.132173913043,No-Suppressors
/nfs/eecs-fserv/share/alipour/gcc_experiments/DATA2/26/roundroubin.2.1/halfswarm,221431,0.339622641509,0.25641025641,0.269565217391,Half-Swarm
/nfs/eecs-fserv/share/alipour/gcc_experiments/DATA2/26/roundroubin.2.1/nosup,221431,0.162162162162,0.25641025641,0.269565217391,No-Suppressors
/nfs/eecs-fserv/share/alipour/gcc_experiments/DATA2/26/roundroubin.2.1/noswarm,221431,0.481481481481,0.25641025641,0.269565217391,No-Swarm
/nfs/eecs-fserv/share/alipour/gcc_experiments/DATA2/26/roundroubin.3.1/halfswarm,42207,0.236842105263,0.102564102564,0.140869565217,Half-Swarm
/nfs/eecs-fserv/share/alipour/gcc_experiments/DATA2/26/roundroubin.3.1/nosup,42207,0.387755102041,0.102564102564,0.140869565217,No-Suppressors
/nfs/eecs-fserv/share/alipour/gcc_experiments/DATA2/26/roundroubin.3.1/noswarm,42207,0.173913043478,0.102564102564,0.140869565217,No-Swarm
/nfs/eecs-fserv/share/alipour/gcc_experiments/DATA2/26/roundroubin.4.1/halfswarm,136839,0.444444444444,0.0769230769231,0.113043478261,Half-Swarm
/nfs/eecs-fserv/share/alipour/gcc_experiments/DATA2/26/roundroubin.4.1/nosup,136839,0.318181818182,0.0769230769231,0.113043478261,No-Suppressors
/nfs/eecs-fserv/share/alipour/gcc_experiments/DATA2/26/roundroubin.4.1/noswarm,136839,0.4,0.0769230769231,0.113043478261,No-Swarm
/nfs/eecs-fserv/share/alipour/gcc_experiments/DATA2/27/roundroubin.0.1/halfswarm,42405,0.113636363636,0.093023255814,0.11013986014,Half-Swarm
/nfs/eecs-fserv/share/alipour/gcc_experiments/DATA2/27/roundroubin.0.1/nosup,42405,0.16393442623,0.093023255814,0.11013986014,No-Suppressors
/nfs/eecs-fserv/share/alipour/gcc_experiments/DATA2/27/roundroubin.1.1/halfswarm,154369,0.385964912281,0.162790697674,0.122377622378,Half-Swarm
/nfs/eecs-fserv/share/alipour/gcc_experiments/DATA2/27/roundroubin.1.1/nosup,154369,0.395348837209,0.162790697674,0.122377622378,No-Suppressors
/nfs/eecs-fserv/share/alipour/gcc_experiments/DATA2/27/roundroubin.1.1/noswarm,154369,0.350877192982,0.162790697674,0.122377622378,No-Swarm
/nfs/eecs-fserv/share/alipour/gcc_experiments/DATA2/27/roundroubin.2.1/halfswarm,93275,0.866666666667,0.837209302326,0.148601398601,Half-Swarm
/nfs/eecs-fserv/share/alipour/gcc_experiments/DATA2/27/roundroubin.2.1/nosup,93275,0.727272727273,0.837209302326,0.148601398601,No-Suppressors
/nfs/eecs-fserv/share/alipour/gcc_experiments/DATA2/27/roundroubin.2.1/noswarm,93275,0.65,0.837209302326,0.148601398601,No-Swarm
/nfs/eecs-fserv/share/alipour/gcc_experiments/DATA2/27/roundroubin.3.1/halfswarm,154716,0.448717948718,0.209302325581,0.132867132867,Half-Swarm
/nfs/eecs-fserv/share/alipour/gcc_experiments/DATA2/27/roundroubin.3.1/nosup,154716,0.483870967742,0.209302325581,0.132867132867,No-Suppressors
/nfs/eecs-fserv/share/alipour/gcc_experiments/DATA2/27/roundroubin.3.1/noswarm,154716,0.41935483871,0.209302325581,0.132867132867,No-Swarm
/nfs/eecs-fserv/share/alipour/gcc_experiments/DATA2/27/roundroubin.4.1/halfswarm,130935,0.269841269841,0.139534883721,0.16958041958,Half-Swarm
/nfs/eecs-fserv/share/alipour/gcc_experiments/DATA2/27/roundroubin.4.1/nosup,130935,0.184210526316,0.139534883721,0.16958041958,No-Suppressors
/nfs/eecs-fserv/share/alipour/gcc_experiments/DATA2/27/roundroubin.4.1/noswarm,130935,0.19696969697,0.139534883721,0.16958041958,No-Swarm
/nfs/eecs-fserv/share/alipour/gcc_experiments/DATA2/28/roundroubin.0.1/halfswarm,42384,0.0987654320988,0.0666666666667,0.102526002972,Half-Swarm
/nfs/eecs-fserv/share/alipour/gcc_experiments/DATA2/28/roundroubin.0.1/nosup,42384,0.0,0.0666666666667,0.102526002972,No-Suppressors
/nfs/eecs-fserv/share/alipour/gcc_experiments/DATA2/28/roundroubin.1.1/halfswarm,217331,0.428571428571,0.116666666667,0.21396731055,Half-Swarm
/nfs/eecs-fserv/share/alipour/gcc_experiments/DATA2/28/roundroubin.1.1/nosup,217331,0.326923076923,0.116666666667,0.21396731055,No-Suppressors
/nfs/eecs-fserv/share/alipour/gcc_experiments/DATA2/28/roundroubin.1.1/noswarm,217331,0.3625,0.116666666667,0.21396731055,No-Swarm
/nfs/eecs-fserv/share/alipour/gcc_experiments/DATA2/28/roundroubin.2.1/halfswarm,227520,0.281553398058,0.15,0.141158989599,Half-Swarm
/nfs/eecs-fserv/share/alipour/gcc_experiments/DATA2/28/roundroubin.2.1/nosup,227520,0.375,0.15,0.141158989599,No-Suppressors
/nfs/eecs-fserv/share/alipour/gcc_experiments/DATA2/28/roundroubin.2.1/noswarm,227520,0.192,0.15,0.141158989599,No-Swarm
/nfs/eecs-fserv/share/alipour/gcc_experiments/DATA2/28/roundroubin.3.1/halfswarm,234634,0.404255319149,0.3,0.237741456166,Half-Swarm
/nfs/eecs-fserv/share/alipour/gcc_experiments/DATA2/28/roundroubin.3.1/nosup,234634,0.287671232877,0.3,0.237741456166,No-Suppressors
/nfs/eecs-fserv/share/alipour/gcc_experiments/DATA2/28/roundroubin.3.1/noswarm,234634,0.490909090909,0.3,0.237741456166,No-Swarm
/nfs/eecs-fserv/share/alipour/gcc_experiments/DATA2/28/roundroubin.4.1/halfswarm,221906,0.505747126437,0.2,0.297176820208,Half-Swarm
/nfs/eecs-fserv/share/alipour/gcc_experiments/DATA2/28/roundroubin.4.1/nosup,221906,0.475409836066,0.2,0.297176820208,No-Suppressors
/nfs/eecs-fserv/share/alipour/gcc_experiments/DATA2/28/roundroubin.4.1/noswarm,221906,0.495145631068,0.2,0.297176820208,No-Swarm
/nfs/eecs-fserv/share/alipour/gcc_experiments/DATA2/29/roundroubin.0.1/halfswarm,248730,0.28,0.272727272727,0.15873015873,Half-Swarm
/nfs/eecs-fserv/share/alipour/gcc_experiments/DATA2/29/roundroubin.0.1/nosup,248730,0.473684210526,0.272727272727,0.15873015873,No-Suppressors
/nfs/eecs-fserv/share/alipour/gcc_experiments/DATA2/29/roundroubin.0.1/noswarm,248730,0.461538461538,0.272727272727,0.15873015873,No-Swarm
/nfs/eecs-fserv/share/alipour/gcc_experiments/DATA2/29/roundroubin.1.1/halfswarm,71110,0.25,0.272727272727,0.140211640212,Half-Swarm
/nfs/eecs-fserv/share/alipour/gcc_experiments/DATA2/29/roundroubin.1.1/nosup,71110,0.428571428571,0.272727272727,0.140211640212,No-Suppressors
/nfs/eecs-fserv/share/alipour/gcc_experiments/DATA2/29/roundroubin.1.1/noswarm,71110,0.444444444444,0.272727272727,0.140211640212,No-Swarm
/nfs/eecs-fserv/share/alipour/gcc_experiments/DATA2/29/roundroubin.2.1/halfswarm,290868,0.821428571429,0.727272727273,0.275132275132,Half-Swarm
/nfs/eecs-fserv/share/alipour/gcc_experiments/DATA2/29/roundroubin.2.1/nosup,290868,0.782608695652,0.727272727273,0.275132275132,No-Suppressors
/nfs/eecs-fserv/share/alipour/gcc_experiments/DATA2/29/roundroubin.2.1/noswarm,290868,0.709677419355,0.727272727273,0.275132275132,No-Swarm
/nfs/eecs-fserv/share/alipour/gcc_experiments/DATA2/29/roundroubin.3.1/halfswarm,127470,0.3,0.181818181818,0.132275132275,Half-Swarm
/nfs/eecs-fserv/share/alipour/gcc_experiments/DATA2/29/roundroubin.3.1/nosup,127470,0.296296296296,0.181818181818,0.132275132275,No-Suppressors
/nfs/eecs-fserv/share/alipour/gcc_experiments/DATA2/29/roundroubin.3.1/noswarm,127470,0.242424242424,0.181818181818,0.132275132275,No-Swarm
/nfs/eecs-fserv/share/alipour/gcc_experiments/DATA2/29/roundroubin.4.1/halfswarm,276148,0.111111111111,0.272727272727,0.100529100529,Half-Swarm
/nfs/eecs-fserv/share/alipour/gcc_experiments/DATA2/29/roundroubin.4.1/nosup,276148,0.047619047619,0.272727272727,0.100529100529,No-Suppressors
/nfs/eecs-fserv/share/alipour/gcc_experiments/DATA2/29/roundroubin.4.1/noswarm,276148,0.0740740740741,0.272727272727,0.100529100529,No-Swarm
/nfs/eecs-fserv/share/alipour/gcc_experiments/DATA2/30/roundroubin.0.1/halfswarm,243420,0.551724137931,0.117647058824,0.266355140187,Half-Swarm
/nfs/eecs-fserv/share/alipour/gcc_experiments/DATA2/30/roundroubin.0.1/nosup,243420,0.423076923077,0.117647058824,0.266355140187,No-Suppressors
/nfs/eecs-fserv/share/alipour/gcc_experiments/DATA2/30/roundroubin.0.1/noswarm,243420,0.6,0.117647058824,0.266355140187,No-Swarm
/nfs/eecs-fserv/share/alipour/gcc_experiments/DATA2/30/roundroubin.1.1/halfswarm,31868,0.156862745098,0.147058823529,0.11214953271,Half-Swarm
/nfs/eecs-fserv/share/alipour/gcc_experiments/DATA2/30/roundroubin.1.1/nosup,31868,0.075,0.147058823529,0.11214953271,No-Suppressors
/nfs/eecs-fserv/share/alipour/gcc_experiments/DATA2/30/roundroubin.1.1/noswarm,31868,0.173913043478,0.147058823529,0.11214953271,No-Swarm
/nfs/eecs-fserv/share/alipour/gcc_experiments/DATA2/30/roundroubin.2.1/halfswarm,235696,0.529411764706,0.558823529412,0.232087227414,Half-Swarm
/nfs/eecs-fserv/share/alipour/gcc_experiments/DATA2/30/roundroubin.2.1/nosup,235696,0.714285714286,0.558823529412,0.232087227414,No-Suppressors
/nfs/eecs-fserv/share/alipour/gcc_experiments/DATA2/30/roundroubin.2.1/noswarm,235696,0.72972972973,0.558823529412,0.232087227414,No-Swarm
/nfs/eecs-fserv/share/alipour/gcc_experiments/DATA2/30/roundroubin.3.1/halfswarm,54578,0.21568627451,0.441176470588,0.228971962617,Half-Swarm
/nfs/eecs-fserv/share/alipour/gcc_experiments/DATA2/30/roundroubin.3.1/nosup,54578,0.525,0.441176470588,0.228971962617,No-Suppressors
/nfs/eecs-fserv/share/alipour/gcc_experiments/DATA2/30/roundroubin.3.1/noswarm,54578,0.344827586207,0.441176470588,0.228971962617,No-Swarm
/nfs/eecs-fserv/share/alipour/gcc_experiments/DATA2/30/roundroubin.4.1/halfswarm,152844,0.339622641509,0.0588235294118,0.121495327103,Half-Swarm
/nfs/eecs-fserv/share/alipour/gcc_experiments/DATA2/30/roundroubin.4.1/nosup,152844,0.314285714286,0.0588235294118,0.121495327103,No-Suppressors
/nfs/eecs-fserv/share/alipour/gcc_experiments/DATA2/30/roundroubin.4.1/noswarm,152844,0.280701754386,0.0588235294118,0.121495327103,No-Swarm
