directory, treatment, target, newcov,  oldcov, newtssize, origtsize
/scratch/alipour/replica1/src/1/0/no_swarm,no_swarm,10369,17,2,754,2629
/scratch/alipour/replica1/src/1/0/half_swarm,half_swarm,10369,1,2,755,2629
/scratch/alipour/replica1/src/1/1/no_swarm,no_swarm,7482,38,65,731,2629
/scratch/alipour/replica1/src/1/1/half_swarm,half_swarm,7482,15,65,738,2629
/scratch/alipour/replica1/src/1/2/no_swarm,no_swarm,31083,53,20,679,2629
/scratch/alipour/replica1/src/1/2/half_swarm,half_swarm,31083,3,20,742,2629
/scratch/alipour/replica1/src/1/3/no_swarm,no_swarm,19161,167,18,749,2629
/scratch/alipour/replica1/src/1/3/half_swarm,half_swarm,19161,10,18,735,2629
/scratch/alipour/replica1/src/1/4/no_swarm,no_swarm,9373,298,14,737,2629
/scratch/alipour/replica1/src/1/4/half_swarm,half_swarm,9373,4,14,748,2629
/scratch/alipour/replica1/src/1/5/half_swarm,half_swarm,28863,9,18,741,2629
/scratch/alipour/replica1/src/1/6/no_swarm,no_swarm,7080,33,65,738,2629
/scratch/alipour/replica1/src/1/6/half_swarm,half_swarm,7080,22,65,869,2629
/scratch/alipour/replica1/src/1/7/no_swarm,no_swarm,20710,65,41,738,2629
/scratch/alipour/replica1/src/1/7/half_swarm,half_swarm,20710,28,41,725,2629
/scratch/alipour/replica1/src/1/8/no_swarm,no_swarm,14516,715,37,727,2629
/scratch/alipour/replica1/src/1/8/half_swarm,half_swarm,14516,36,37,677,2629
/scratch/alipour/replica1/src/1/9/no_swarm,no_swarm,15983,10,2,567,2629
/scratch/alipour/replica1/src/1/9/half_swarm,half_swarm,15983,1,2,721,2629
/scratch/alipour/replica1/src/1/10/half_swarm,half_swarm,30488,0,2,755,2629
/scratch/alipour/replica1/src/1/11/no_swarm,no_swarm,29876,41,12,755,2629
/scratch/alipour/replica1/src/1/11/half_swarm,half_swarm,29876,6,12,755,2629
/scratch/alipour/replica1/src/1/12/no_swarm,no_swarm,29777,91,10,740,2629
/scratch/alipour/replica1/src/1/12/half_swarm,half_swarm,29777,5,10,665,2629
/scratch/alipour/replica1/src/1/13/no_swarm,no_swarm,24850,3,14,514,2629
/scratch/alipour/replica1/src/1/13/half_swarm,half_swarm,24850,3,14,559,2629
/scratch/alipour/replica1/src/1/14/no_swarm,no_swarm,9990,9,7,364,2629
/scratch/alipour/replica1/src/1/14/half_swarm,half_swarm,9990,5,7,520,2629
/scratch/alipour/replica1/src/1/15/no_swarm,no_swarm,24423,15,20,486,2629
/scratch/alipour/replica1/src/1/15/half_swarm,half_swarm,24423,4,20,503,2629
/scratch/alipour/replica1/src/1/16/no_swarm,no_swarm,13477,5,2,435,2629
/scratch/alipour/replica1/src/1/16/half_swarm,half_swarm,13477,0,2,489,2629
/scratch/alipour/replica1/src/1/17/no_swarm,no_swarm,7087,19,65,490,2629
/scratch/alipour/replica1/src/1/17/half_swarm,half_swarm,7087,16,65,548,2629
/scratch/alipour/replica1/src/1/18/no_swarm,no_swarm,16051,7,2,485,2629
/scratch/alipour/replica1/src/1/18/half_swarm,half_swarm,16051,1,2,518,2629
/scratch/alipour/replica1/src/1/19/no_swarm,no_swarm,5067,1,2,515,2629
/scratch/alipour/replica1/src/1/19/half_swarm,half_swarm,5067,1,2,521,2629
/scratch/alipour/replica1/src/1/20/half_swarm,half_swarm,14890,0,7,528,2629
/scratch/alipour/replica1/src/1/21/no_swarm,no_swarm,21145,28,28,522,2629
/scratch/alipour/replica1/src/1/21/half_swarm,half_swarm,21145,4,28,505,2629
/scratch/alipour/replica1/src/1/22/half_swarm,half_swarm,7668,4,25,530,2629
/scratch/alipour/replica1/src/1/23/half_swarm,half_swarm,8052,8,36,539,2629
/scratch/alipour/replica1/src/1/24/no_swarm,no_swarm,9081,0,12,234,2629
/scratch/alipour/replica1/src/1/24/half_swarm,half_swarm,9081,3,12,517,2629
/scratch/alipour/replica1/src/1/25/half_swarm,half_swarm,8071,32,70,538,2629
/scratch/alipour/replica1/src/1/26/no_swarm,no_swarm,24600,27,14,201,2629
/scratch/alipour/replica1/src/1/26/half_swarm,half_swarm,24600,1,14,500,2629
/scratch/alipour/replica1/src/1/27/no_swarm,no_swarm,32612,1,2,490,2629
/scratch/alipour/replica1/src/1/27/half_swarm,half_swarm,32612,0,2,521,2629
/scratch/alipour/replica1/src/1/28/no_swarm,no_swarm,18424,129,49,504,2629
/scratch/alipour/replica1/src/1/28/half_swarm,half_swarm,18424,26,49,561,2629
/scratch/alipour/replica1/src/1/29/no_swarm,no_swarm,20122,126,21,523,2629
/scratch/alipour/replica1/src/1/29/half_swarm,half_swarm,20122,11,21,522,2629
/scratch/alipour/replica1/src/1/30/no_swarm,no_swarm,32037,2,4,405,2629
/scratch/alipour/replica1/src/1/30/half_swarm,half_swarm,32037,1,4,513,2629
/scratch/alipour/replica1/src/1/31/no_swarm,no_swarm,18304,85,6,512,2629
/scratch/alipour/replica1/src/1/31/half_swarm,half_swarm,18304,0,6,516,2629
/scratch/alipour/replica1/src/1/32/no_swarm,no_swarm,19924,325,46,519,2629
/scratch/alipour/replica1/src/1/32/half_swarm,half_swarm,19924,40,46,521,2629
/scratch/alipour/replica1/src/1/33/no_swarm,no_swarm,3255,11,2,529,2629
/scratch/alipour/replica1/src/1/33/half_swarm,half_swarm,3255,0,2,530,2629
/scratch/alipour/replica1/src/1/34/no_swarm,no_swarm,9856,15,3,493,2629
/scratch/alipour/replica1/src/1/34/half_swarm,half_swarm,9856,0,3,510,2629
/scratch/alipour/replica1/src/1/35/no_swarm,no_swarm,6989,22,22,555,2629
/scratch/alipour/replica1/src/1/35/half_swarm,half_swarm,6989,8,22,520,2629
/scratch/alipour/replica1/src/1/36/no_swarm,no_swarm,28666,13,19,392,2629
/scratch/alipour/replica1/src/1/36/half_swarm,half_swarm,28666,4,19,524,2629
/scratch/alipour/replica1/src/1/37/half_swarm,half_swarm,18429,15,44,493,2629
/scratch/alipour/replica1/src/1/38/half_swarm,half_swarm,15921,1,6,512,2629
/scratch/alipour/replica1/src/1/39/half_swarm,half_swarm,7911,10,36,533,2629
/scratch/alipour/replica1/src/1/40/no_swarm,no_swarm,19594,6,4,545,2629
/scratch/alipour/replica1/src/1/40/half_swarm,half_swarm,19594,3,4,506,2629
/scratch/alipour/replica1/src/1/41/no_swarm,no_swarm,7196,4,13,535,2629
/scratch/alipour/replica1/src/1/41/half_swarm,half_swarm,7196,4,13,472,2629
/scratch/alipour/replica1/src/1/42/no_swarm,no_swarm,32562,2,2,537,2629
/scratch/alipour/replica1/src/1/42/half_swarm,half_swarm,32562,0,2,544,2629
/scratch/alipour/replica1/src/1/43/half_swarm,half_swarm,20556,4,21,520,2629
/scratch/alipour/replica1/src/1/44/no_swarm,no_swarm,5819,1,2,526,2629
/scratch/alipour/replica1/src/1/44/half_swarm,half_swarm,5819,0,2,560,2629
/scratch/alipour/replica1/src/1/45/no_swarm,no_swarm,22337,0,3,308,2629
/scratch/alipour/replica1/src/1/45/half_swarm,half_swarm,22337,1,3,477,2629
/scratch/alipour/replica1/src/1/46/no_swarm,no_swarm,32607,2,2,546,2629
/scratch/alipour/replica1/src/1/46/half_swarm,half_swarm,32607,1,2,463,2629
/scratch/alipour/replica1/src/1/47/half_swarm,half_swarm,32231,2,2,499,2629
/scratch/alipour/replica1/src/1/48/no_swarm,no_swarm,7426,25,65,525,2629
/scratch/alipour/replica1/src/1/48/half_swarm,half_swarm,7426,13,65,530,2629
/scratch/alipour/replica1/src/1/49/no_swarm,no_swarm,32627,1,2,540,2629
/scratch/alipour/replica1/src/1/49/half_swarm,half_swarm,32627,0,2,506,2629
/scratch/alipour/replica1/src/2/0/half_swarm,half_swarm,29833,6,10,492,1729
/scratch/alipour/replica1/src/2/1/half_swarm,half_swarm,20826,7,21,562,1729
/scratch/alipour/replica1/src/2/2/half_swarm,half_swarm,16525,3,3,533,1729
/scratch/alipour/replica1/src/2/3/no_swarm,no_swarm,30456,1,2,314,1729
/scratch/alipour/replica1/src/2/3/half_swarm,half_swarm,30456,1,2,551,1729
/scratch/alipour/replica1/src/2/4/half_swarm,half_swarm,29683,1,5,511,1729
/scratch/alipour/replica1/src/2/5/no_swarm,no_swarm,7359,14,20,535,1729
/scratch/alipour/replica1/src/2/5/half_swarm,half_swarm,7359,3,20,495,1729
/scratch/alipour/replica1/src/2/6/half_swarm,half_swarm,28916,30,64,538,1729
/scratch/alipour/replica1/src/2/7/no_swarm,no_swarm,16258,50,4,544,1729
/scratch/alipour/replica1/src/2/7/half_swarm,half_swarm,16258,0,4,531,1729
/scratch/alipour/replica1/src/2/8/no_swarm,no_swarm,12665,497,26,500,1729
/scratch/alipour/replica1/src/2/8/half_swarm,half_swarm,12665,30,26,516,1729
/scratch/alipour/replica1/src/2/9/no_swarm,no_swarm,10586,1,2,402,1729
/scratch/alipour/replica1/src/2/9/half_swarm,half_swarm,10586,3,2,544,1729
/scratch/alipour/replica1/src/2/10/no_swarm,no_swarm,7108,12,53,380,1729
/scratch/alipour/replica1/src/2/10/half_swarm,half_swarm,7108,19,53,535,1729
/scratch/alipour/replica1/src/2/11/half_swarm,half_swarm,7451,12,25,524,1729
/scratch/alipour/replica1/src/2/12/half_swarm,half_swarm,28869,23,64,640,1729
/scratch/alipour/replica1/src/2/13/half_swarm,half_swarm,28892,40,64,941,1729
/scratch/alipour/replica1/src/2/14/no_swarm,no_swarm,30471,3,2,494,1729
/scratch/alipour/replica1/src/2/14/half_swarm,half_swarm,30471,1,2,711,1729
/scratch/alipour/replica1/src/2/15/half_swarm,half_swarm,25319,16,21,777,1729
/scratch/alipour/replica1/src/2/16/no_swarm,no_swarm,15870,53,10,581,1729
/scratch/alipour/replica1/src/2/16/half_swarm,half_swarm,15870,8,10,770,1729
/scratch/alipour/replica1/src/2/17/no_swarm,no_swarm,25787,31,4,653,1729
/scratch/alipour/replica1/src/2/17/half_swarm,half_swarm,25787,1,4,785,1729
/scratch/alipour/replica1/src/2/18/no_swarm,no_swarm,18826,368,7,802,1729
/scratch/alipour/replica1/src/2/18/half_swarm,half_swarm,18826,5,7,781,1729
/scratch/alipour/replica1/src/2/19/no_swarm,no_swarm,18438,150,26,771,1729
/scratch/alipour/replica1/src/2/19/half_swarm,half_swarm,18438,30,26,779,1729
/scratch/alipour/replica1/src/2/20/half_swarm,half_swarm,29380,32,64,778,1729
/scratch/alipour/replica1/src/2/21/no_swarm,no_swarm,7226,26,53,562,1729
/scratch/alipour/replica1/src/2/21/half_swarm,half_swarm,7226,31,53,775,1729
/scratch/alipour/replica1/src/2/22/no_swarm,no_swarm,19630,231,4,595,1729
/scratch/alipour/replica1/src/2/22/half_swarm,half_swarm,19630,10,4,748,1729
/scratch/alipour/replica1/src/2/23/half_swarm,half_swarm,13083,3,3,687,1729
/scratch/alipour/replica1/src/2/24/half_swarm,half_swarm,29289,29,64,781,1729
/scratch/alipour/replica1/src/2/25/no_swarm,no_swarm,19796,590,63,616,1729
/scratch/alipour/replica1/src/2/25/half_swarm,half_swarm,19796,84,63,769,1729
/scratch/alipour/replica1/src/2/26/no_swarm,no_swarm,22414,21,5,774,1729
/scratch/alipour/replica1/src/2/26/half_swarm,half_swarm,22414,6,5,778,1729
/scratch/alipour/replica1/src/2/27/half_swarm,half_swarm,28969,32,64,728,1729
/scratch/alipour/replica1/src/2/28/no_swarm,no_swarm,9994,15,8,643,1729
/scratch/alipour/replica1/src/2/28/half_swarm,half_swarm,9994,9,8,772,1729
/scratch/alipour/replica1/src/2/29/no_swarm,no_swarm,7217,13,53,553,1729
/scratch/alipour/replica1/src/2/29/half_swarm,half_swarm,7217,22,53,773,1729
/scratch/alipour/replica1/src/2/30/half_swarm,half_swarm,24602,6,6,780,1729
/scratch/alipour/replica1/src/2/31/half_swarm,half_swarm,18725,28,50,702,1729
/scratch/alipour/replica1/src/2/32/no_swarm,no_swarm,6918,105,47,803,1729
/scratch/alipour/replica1/src/2/32/half_swarm,half_swarm,6918,27,47,761,1729
/scratch/alipour/replica1/src/2/33/no_swarm,no_swarm,18127,219,23,795,1729
/scratch/alipour/replica1/src/2/33/half_swarm,half_swarm,18127,27,23,715,1729
/scratch/alipour/replica1/src/2/34/no_swarm,no_swarm,10593,1,2,608,1729
/scratch/alipour/replica1/src/2/34/half_swarm,half_swarm,10593,4,2,1006,1729
/scratch/alipour/replica1/src/2/35/no_swarm,no_swarm,15411,353,12,1015,1729
/scratch/alipour/replica1/src/2/35/half_swarm,half_swarm,15411,21,12,992,1729
/scratch/alipour/replica1/src/2/36/half_swarm,half_swarm,19006,8,5,794,1729
/scratch/alipour/replica1/src/2/37/no_swarm,no_swarm,24407,15,21,640,1729
/scratch/alipour/replica1/src/2/37/half_swarm,half_swarm,24407,10,21,795,1729
/scratch/alipour/replica1/src/2/38/no_swarm,no_swarm,7321,61,48,801,1729
/scratch/alipour/replica1/src/2/38/half_swarm,half_swarm,7321,20,48,821,1729
/scratch/alipour/replica1/src/2/39/half_swarm,half_swarm,29581,8,5,819,1729
/scratch/alipour/replica1/src/2/40/no_swarm,no_swarm,19909,0,28,480,1729
/scratch/alipour/replica1/src/2/40/half_swarm,half_swarm,19909,36,28,799,1729
/scratch/alipour/replica1/src/2/41/no_swarm,no_swarm,18769,182,6,790,1729
/scratch/alipour/replica1/src/2/41/half_swarm,half_swarm,18769,9,6,783,1729
/scratch/alipour/replica1/src/2/42/half_swarm,half_swarm,22041,2,7,797,1729
/scratch/alipour/replica1/src/2/43/no_swarm,no_swarm,8112,14,10,713,1729
/scratch/alipour/replica1/src/2/43/half_swarm,half_swarm,8112,3,10,814,1729
/scratch/alipour/replica1/src/2/44/no_swarm,no_swarm,32415,33,19,561,1729
/scratch/alipour/replica1/src/2/44/half_swarm,half_swarm,32415,16,19,779,1729
/scratch/alipour/replica1/src/2/45/no_swarm,no_swarm,7323,64,48,772,1729
/scratch/alipour/replica1/src/2/45/half_swarm,half_swarm,7323,34,48,789,1729
/scratch/alipour/replica1/src/2/46/no_swarm,no_swarm,18936,577,58,679,1729
/scratch/alipour/replica1/src/2/46/half_swarm,half_swarm,18936,49,58,814,1729
/scratch/alipour/replica1/src/2/47/no_swarm,no_swarm,18440,139,26,795,1729
/scratch/alipour/replica1/src/2/47/half_swarm,half_swarm,18440,26,26,813,1729
/scratch/alipour/replica1/src/2/48/no_swarm,no_swarm,2829,75,30,822,1729
/scratch/alipour/replica1/src/2/48/half_swarm,half_swarm,2829,19,30,805,1729
/scratch/alipour/replica1/src/2/49/half_swarm,half_swarm,29056,34,64,812,1729
/scratch/alipour/replica1/src/3/0/no_swarm,no_swarm,7558,0,15,817,2522
/scratch/alipour/replica1/src/3/0/half_swarm,half_swarm,7558,2,15,781,2522
/scratch/alipour/replica1/src/3/1/no_swarm,no_swarm,8072,133,71,776,2522
/scratch/alipour/replica1/src/3/1/half_swarm,half_swarm,8072,33,71,798,2522
/scratch/alipour/replica1/src/3/2/half_swarm,half_swarm,15925,2,3,737,2522
/scratch/alipour/replica1/src/3/3/half_swarm,half_swarm,8109,8,18,814,2522
/scratch/alipour/replica1/src/3/4/no_swarm,no_swarm,13440,21,4,713,2522
/scratch/alipour/replica1/src/3/4/half_swarm,half_swarm,13440,2,4,819,2522
/scratch/alipour/replica1/src/3/5/no_swarm,no_swarm,18836,228,12,822,2522
/scratch/alipour/replica1/src/3/5/half_swarm,half_swarm,18836,10,12,810,2522
/scratch/alipour/replica1/src/3/6/no_swarm,no_swarm,30914,32,4,479,2522
/scratch/alipour/replica1/src/3/6/half_swarm,half_swarm,30914,3,4,800,2522
/scratch/alipour/replica1/src/3/7/no_swarm,no_swarm,7261,32,60,796,2522
/scratch/alipour/replica1/src/3/7/half_swarm,half_swarm,7261,21,60,790,2522
/scratch/alipour/replica1/src/3/8/no_swarm,no_swarm,12661,823,32,823,2522
/scratch/alipour/replica1/src/3/8/half_swarm,half_swarm,12661,33,32,791,2522
/scratch/alipour/replica1/src/3/9/no_swarm,no_swarm,18073,94,41,793,2522
/scratch/alipour/replica1/src/3/9/half_swarm,half_swarm,18073,29,41,810,2522
/scratch/alipour/replica1/src/3/10/half_swarm,half_swarm,7689,3,15,806,2522
/scratch/alipour/replica1/src/3/11/no_swarm,no_swarm,7704,78,46,807,2522
/scratch/alipour/replica1/src/3/11/half_swarm,half_swarm,7704,16,46,786,2522
/scratch/alipour/replica1/src/3/12/no_swarm,no_swarm,18078,117,12,543,2522
/scratch/alipour/replica1/src/3/12/half_swarm,half_swarm,18078,3,12,822,2522
/scratch/alipour/replica1/src/3/13/no_swarm,no_swarm,15060,38,19,631,2522
/scratch/alipour/replica1/src/3/13/half_swarm,half_swarm,15060,8,19,803,2522
/scratch/alipour/replica1/src/3/14/no_swarm,no_swarm,7438,9,27,638,2522
/scratch/alipour/replica1/src/3/14/half_swarm,half_swarm,7438,13,27,811,2522
/scratch/alipour/replica1/src/3/15/no_swarm,no_swarm,15876,132,46,690,2522
/scratch/alipour/replica1/src/3/15/half_swarm,half_swarm,15876,20,46,812,2522
/scratch/alipour/replica1/src/3/16/half_swarm,half_swarm,8879,2,5,686,2522
/scratch/alipour/replica1/src/3/17/no_swarm,no_swarm,7206,0,15,630,2522
/scratch/alipour/replica1/src/3/17/half_swarm,half_swarm,7206,4,15,806,2522
/scratch/alipour/replica1/src/3/18/no_swarm,no_swarm,24641,95,12,714,2522
/scratch/alipour/replica1/src/3/18/half_swarm,half_swarm,24641,8,12,804,2522
/scratch/alipour/replica1/src/3/19/no_swarm,no_swarm,7122,88,74,822,2522
/scratch/alipour/replica1/src/3/19/half_swarm,half_swarm,7122,27,74,796,2522
/scratch/alipour/replica1/src/3/20/no_swarm,no_swarm,16477,123,5,692,2522
/scratch/alipour/replica1/src/3/20/half_swarm,half_swarm,16477,2,5,815,2522
/scratch/alipour/replica1/src/3/21/no_swarm,no_swarm,25592,822,32,822,2522
/scratch/alipour/replica1/src/3/21/half_swarm,half_swarm,25592,37,32,802,2522
/scratch/alipour/replica1/src/3/22/half_swarm,half_swarm,10379,1,3,814,2522
/scratch/alipour/replica1/src/3/23/half_swarm,half_swarm,25305,32,70,812,2522
/scratch/alipour/replica1/src/3/24/no_swarm,no_swarm,14905,5,3,629,2522
/scratch/alipour/replica1/src/3/24/half_swarm,half_swarm,14905,5,3,822,2522
/scratch/alipour/replica1/src/3/25/no_swarm,no_swarm,7763,40,46,639,2522
/scratch/alipour/replica1/src/3/25/half_swarm,half_swarm,7763,14,46,465,2522
/scratch/alipour/replica1/src/3/26/no_swarm,no_swarm,29797,98,12,725,2522
/scratch/alipour/replica1/src/3/26/half_swarm,half_swarm,29797,11,12,1018,2522
/scratch/alipour/replica1/src/3/27/no_swarm,no_swarm,20867,39,16,1030,2522
/scratch/alipour/replica1/src/3/27/half_swarm,half_swarm,20867,13,16,1029,2522
/scratch/alipour/replica1/src/3/28/half_swarm,half_swarm,22358,3,3,1022,2522
/scratch/alipour/replica1/src/3/29/no_swarm,no_swarm,6927,100,74,1022,2522
/scratch/alipour/replica1/src/3/29/half_swarm,half_swarm,6927,39,74,1002,2522
/scratch/alipour/replica1/src/3/30/no_swarm,no_swarm,14440,235,9,852,2522
/scratch/alipour/replica1/src/3/30/half_swarm,half_swarm,14440,8,9,995,2522
/scratch/alipour/replica1/src/3/31/no_swarm,no_swarm,7073,48,60,1000,2522
/scratch/alipour/replica1/src/3/31/half_swarm,half_swarm,7073,38,60,1008,2522
/scratch/alipour/replica1/src/3/32/no_swarm,no_swarm,18404,158,31,1020,2522
/scratch/alipour/replica1/src/3/32/half_swarm,half_swarm,18404,33,31,1032,2522
/scratch/alipour/replica1/src/3/33/half_swarm,half_swarm,7690,2,15,796,2522
/scratch/alipour/replica1/src/3/34/no_swarm,no_swarm,7429,32,60,687,2522
/scratch/alipour/replica1/src/3/34/half_swarm,half_swarm,7429,28,60,794,2522
/scratch/alipour/replica1/src/3/35/no_swarm,no_swarm,29679,96,12,707,2522
/scratch/alipour/replica1/src/3/35/half_swarm,half_swarm,29679,5,12,796,2522
/scratch/alipour/replica1/src/3/36/no_swarm,no_swarm,6936,78,74,815,2522
/scratch/alipour/replica1/src/3/36/half_swarm,half_swarm,6936,32,74,818,2522
/scratch/alipour/replica2/src/6/0/half_swarm,half_swarm,3835,1,7,754,2610
/scratch/alipour/replica2/src/6/1/half_swarm,half_swarm,12232,1,7,737,2610
/scratch/alipour/replica2/src/6/2/no_swarm,no_swarm,7299,16,30,516,2610
/scratch/alipour/replica2/src/6/2/half_swarm,half_swarm,7299,12,30,727,2610
/scratch/alipour/replica2/src/6/3/no_swarm,no_swarm,21427,2,9,508,2610
/scratch/alipour/replica2/src/6/3/half_swarm,half_swarm,21427,2,9,734,2610
/scratch/alipour/replica2/src/6/4/half_swarm,half_swarm,24633,7,13,740,2610
/scratch/alipour/replica2/src/6/5/no_swarm,no_swarm,12688,745,27,745,2610
/scratch/alipour/replica2/src/6/5/half_swarm,half_swarm,12688,41,27,679,2610
/scratch/alipour/replica2/src/6/6/no_swarm,no_swarm,17962,447,40,644,2610
/scratch/alipour/replica2/src/6/6/half_swarm,half_swarm,17962,30,40,760,2610
/scratch/alipour/replica2/src/6/7/no_swarm,no_swarm,18434,143,50,823,2610
/scratch/alipour/replica2/src/6/7/half_swarm,half_swarm,18434,42,50,734,2610
/scratch/alipour/replica2/src/6/8/half_swarm,half_swarm,29689,4,13,727,2610
/scratch/alipour/replica2/src/6/9/half_swarm,half_swarm,13088,1,7,660,2610
/scratch/alipour/replica2/src/6/10/half_swarm,half_swarm,18921,8,8,825,2610
/scratch/alipour/replica2/src/6/11/half_swarm,half_swarm,12228,3,3,747,2610
/scratch/alipour/replica2/src/6/12/half_swarm,half_swarm,15857,2,8,721,2610
/scratch/alipour/replica2/src/6/13/half_swarm,half_swarm,29859,9,18,713,2610
/scratch/alipour/replica2/src/6/14/no_swarm,no_swarm,18204,21,14,390,2610
/scratch/alipour/replica2/src/6/14/half_swarm,half_swarm,18204,5,14,486,2610
/scratch/alipour/replica2/src/6/15/no_swarm,no_swarm,7294,3,34,441,2610
/scratch/alipour/replica2/src/6/15/half_swarm,half_swarm,7294,5,34,493,2610
/scratch/alipour/replica2/src/6/16/no_swarm,no_swarm,12343,492,27,492,2610
/scratch/alipour/replica2/src/6/16/half_swarm,half_swarm,12343,29,27,425,2610
/scratch/alipour/replica2/src/6/17/half_swarm,half_swarm,16874,1,5,496,2610
/scratch/alipour/replica2/src/6/18/no_swarm,no_swarm,22413,0,13,536,2610
/scratch/alipour/replica2/src/6/18/half_swarm,half_swarm,22413,3,13,469,2610
/scratch/alipour/replica2/src/6/19/no_swarm,no_swarm,6954,15,66,502,2610
/scratch/alipour/replica2/src/6/19/half_swarm,half_swarm,6954,12,66,501,2610
/scratch/alipour/replica2/src/6/20/half_swarm,half_swarm,31077,5,14,502,2610
/scratch/alipour/replica2/src/6/21/no_swarm,no_swarm,21450,9,7,333,2610
/scratch/alipour/replica2/src/6/21/half_swarm,half_swarm,21450,0,7,511,2610
/scratch/alipour/replica2/src/6/22/no_swarm,no_swarm,273,501,27,501,2610
/scratch/alipour/replica2/src/6/22/half_swarm,half_swarm,273,31,27,451,2610
/scratch/alipour/replica2/src/6/23/no_swarm,no_swarm,18785,285,26,445,2610
/scratch/alipour/replica2/src/6/23/half_swarm,half_swarm,18785,19,26,496,2610
/scratch/alipour/replica2/src/6/24/no_swarm,no_swarm,10015,111,11,533,2610
/scratch/alipour/replica2/src/6/24/half_swarm,half_swarm,10015,7,11,444,2610
/scratch/alipour/replica2/src/6/25/no_swarm,no_swarm,17969,16,3,341,2610
/scratch/alipour/replica2/src/6/25/half_swarm,half_swarm,17969,0,3,519,2610
/scratch/alipour/replica2/src/6/26/no_swarm,no_swarm,7296,6,34,447,2610
/scratch/alipour/replica2/src/6/26/half_swarm,half_swarm,7296,7,34,522,2610
/scratch/alipour/replica2/src/6/27/half_swarm,half_swarm,30967,1,6,493,2610
/scratch/alipour/replica2/src/6/28/no_swarm,no_swarm,32378,5,9,351,2610
/scratch/alipour/replica2/src/6/28/half_swarm,half_swarm,32378,1,9,525,2610
/scratch/alipour/replica2/src/6/29/no_swarm,no_swarm,7452,24,66,551,2610
/scratch/alipour/replica2/src/6/29/half_swarm,half_swarm,7452,14,66,513,2610
/scratch/alipour/replica2/src/6/30/no_swarm,no_swarm,7100,42,81,512,2610
/scratch/alipour/replica2/src/6/30/half_swarm,half_swarm,7100,14,81,515,2610
/scratch/alipour/replica2/src/6/31/half_swarm,half_swarm,29679,1,13,511,2610
/scratch/alipour/replica2/src/6/32/half_swarm,half_swarm,32411,10,31,510,2610
/scratch/alipour/replica2/src/6/33/no_swarm,no_swarm,20573,6,4,510,2610
/scratch/alipour/replica2/src/6/33/half_swarm,half_swarm,20573,3,4,515,2610
/scratch/alipour/replica2/src/6/34/half_swarm,half_swarm,8098,10,57,478,2610
/scratch/alipour/replica2/src/6/35/no_swarm,no_swarm,25290,16,22,513,2610
/scratch/alipour/replica2/src/6/35/half_swarm,half_swarm,25290,3,22,526,2610
/scratch/alipour/replica2/src/6/36/no_swarm,no_swarm,274,514,27,514,2610
/scratch/alipour/replica2/src/6/36/half_swarm,half_swarm,274,34,27,496,2610
/scratch/alipour/replica2/src/6/37/half_swarm,half_swarm,7892,4,18,495,2610
/scratch/alipour/replica2/src/6/38/half_swarm,half_swarm,29557,6,13,494,2610
/scratch/alipour/replica2/src/6/39/half_swarm,half_swarm,30941,1,6,490,2610
/scratch/alipour/replica2/src/6/40/no_swarm,no_swarm,19197,93,17,518,2610
/scratch/alipour/replica2/src/6/40/half_swarm,half_swarm,19197,3,17,517,2610
/scratch/alipour/replica2/src/6/41/half_swarm,half_swarm,28661,3,18,525,2610
/scratch/alipour/replica2/src/6/42/half_swarm,half_swarm,16565,1,9,502,2610
/scratch/alipour/replica2/src/6/43/no_swarm,no_swarm,18424,99,50,541,2610
/scratch/alipour/replica2/src/6/43/half_swarm,half_swarm,18424,15,50,526,2610
/scratch/alipour/replica2/src/6/44/no_swarm,no_swarm,17981,190,13,512,2610
/scratch/alipour/replica2/src/6/44/half_swarm,half_swarm,17981,4,13,508,2610
/scratch/alipour/replica2/src/6/45/no_swarm,no_swarm,20080,54,15,543,2610
/scratch/alipour/replica2/src/6/45/half_swarm,half_swarm,20080,7,15,510,2610
/scratch/alipour/replica2/src/6/46/half_swarm,half_swarm,31104,2,23,522,2610
/scratch/alipour/replica2/src/6/47/half_swarm,half_swarm,20820,1,7,521,2610
/scratch/alipour/replica2/src/6/48/half_swarm,half_swarm,24423,3,21,513,2610
/scratch/alipour/replica2/src/6/49/no_swarm,no_swarm,18646,56,34,406,2610
/scratch/alipour/replica2/src/6/49/half_swarm,half_swarm,18646,13,34,527,2610
/scratch/alipour/replica2/src/7/0/no_swarm,no_swarm,16068,35,4,461,1612
/scratch/alipour/replica2/src/7/0/half_swarm,half_swarm,16068,0,4,523,1612
/scratch/alipour/replica2/src/7/1/half_swarm,half_swarm,32462,2,2,538,1612
/scratch/alipour/replica2/src/7/2/no_swarm,no_swarm,3282,77,3,517,1612
/scratch/alipour/replica2/src/7/2/half_swarm,half_swarm,3282,0,3,555,1612
/scratch/alipour/replica2/src/7/3/half_swarm,half_swarm,7111,22,55,522,1612
/scratch/alipour/replica2/src/7/4/no_swarm,no_swarm,28602,14,16,372,1612
/scratch/alipour/replica2/src/7/4/half_swarm,half_swarm,28602,10,16,546,1612
/scratch/alipour/replica2/src/7/5/half_swarm,half_swarm,7154,7,27,534,1612
/scratch/alipour/replica2/src/7/6/half_swarm,half_swarm,18232,24,33,539,1612
/scratch/alipour/replica2/src/7/7/no_swarm,no_swarm,27224,112,2,497,1612
/scratch/alipour/replica2/src/7/7/half_swarm,half_swarm,27224,1,2,557,1612
/scratch/alipour/replica2/src/7/8/no_swarm,no_swarm,19621,5,2,532,1612
/scratch/alipour/replica2/src/7/8/half_swarm,half_swarm,19621,0,2,555,1612
/scratch/alipour/replica2/src/7/9/half_swarm,half_swarm,29727,0,7,549,1612
/scratch/alipour/replica2/src/7/10/half_swarm,half_swarm,29731,4,7,534,1612
/scratch/alipour/replica2/src/7/11/no_swarm,no_swarm,17301,456,13,458,1612
/scratch/alipour/replica2/src/7/11/half_swarm,half_swarm,17301,27,13,521,1612
/scratch/alipour/replica2/src/7/12/no_swarm,no_swarm,7677,0,5,521,1612
/scratch/alipour/replica2/src/7/12/half_swarm,half_swarm,7677,1,5,510,1612
/scratch/alipour/replica2/src/7/13/no_swarm,no_swarm,25073,1,2,565,1612
/scratch/alipour/replica2/src/7/13/half_swarm,half_swarm,25073,2,2,894,1612
/scratch/alipour/replica2/src/7/14/no_swarm,no_swarm,18780,141,10,823,1612
/scratch/alipour/replica2/src/7/14/half_swarm,half_swarm,18780,8,10,783,1612
/scratch/alipour/replica2/src/7/15/no_swarm,no_swarm,15631,142,17,712,1612
/scratch/alipour/replica2/src/7/15/half_swarm,half_swarm,15631,11,17,761,1612
/scratch/alipour/replica2/src/7/16/no_swarm,no_swarm,20556,74,18,759,1612
/scratch/alipour/replica2/src/7/16/half_swarm,half_swarm,20556,16,18,788,1612
/scratch/alipour/replica2/src/7/17/no_swarm,no_swarm,12662,766,24,773,1612
/scratch/alipour/replica2/src/7/17/half_swarm,half_swarm,12662,30,24,754,1612
/scratch/alipour/replica2/src/7/18/half_swarm,half_swarm,15670,7,3,793,1612
/scratch/alipour/replica2/src/7/19/half_swarm,half_swarm,22009,6,8,798,1612
/scratch/alipour/replica2/src/7/20/no_swarm,no_swarm,2701,111,12,648,1612
/scratch/alipour/replica2/src/7/20/half_swarm,half_swarm,2701,7,12,724,1612
/scratch/alipour/replica2/src/7/21/half_swarm,half_swarm,18097,34,33,791,1612
/scratch/alipour/replica2/src/7/22/half_swarm,half_swarm,7439,8,16,782,1612
/scratch/alipour/replica2/src/7/23/half_swarm,half_swarm,20152,0,2,750,1612
/scratch/alipour/replica2/src/7/24/no_swarm,no_swarm,7039,37,51,596,1612
/scratch/alipour/replica2/src/7/24/half_swarm,half_swarm,7039,24,51,774,1612
/scratch/alipour/replica2/src/7/25/no_swarm,no_swarm,8002,33,18,778,1612
/scratch/alipour/replica2/src/7/25/half_swarm,half_swarm,8002,6,18,769,1612
/scratch/alipour/replica2/src/7/26/no_swarm,no_swarm,20012,59,14,767,1612
/scratch/alipour/replica2/src/7/26/half_swarm,half_swarm,20012,9,14,766,1612
/scratch/alipour/replica2/src/7/27/half_swarm,half_swarm,20664,11,10,784,1612
/scratch/alipour/replica2/src/7/28/no_swarm,no_swarm,18137,12,7,595,1612
/scratch/alipour/replica2/src/7/28/half_swarm,half_swarm,18137,3,7,749,1612
/scratch/alipour/replica2/src/7/29/half_swarm,half_swarm,20820,5,4,779,1612
/scratch/alipour/replica2/src/7/30/half_swarm,half_swarm,21558,3,6,782,1612
/scratch/alipour/replica2/src/7/31/no_swarm,no_swarm,19196,64,9,338,1612
/scratch/alipour/replica2/src/7/31/half_swarm,half_swarm,19196,3,9,685,1612
/scratch/alipour/replica2/src/7/32/half_swarm,half_swarm,30912,4,4,788,1612
/scratch/alipour/replica2/src/7/33/half_swarm,half_swarm,16412,2,3,783,1612
/scratch/alipour/replica2/src/7/34/no_swarm,no_swarm,18960,43,17,734,1612
/scratch/alipour/replica2/src/7/34/half_swarm,half_swarm,18960,5,17,775,1612
/scratch/alipour/replica2/src/7/35/half_swarm,half_swarm,15653,6,6,999,1612
/scratch/alipour/replica2/src/7/36/half_swarm,half_swarm,7445,23,42,991,1612
/scratch/alipour/replica2/src/7/37/no_swarm,no_swarm,7864,83,34,741,1612
/scratch/alipour/replica2/src/7/37/half_swarm,half_swarm,7864,14,34,637,1612
/scratch/alipour/replica2/src/7/38/half_swarm,half_swarm,14007,0,2,808,1612
/scratch/alipour/replica2/src/7/39/no_swarm,no_swarm,27767,238,3,755,1612
/scratch/alipour/replica2/src/7/39/half_swarm,half_swarm,27767,1,3,811,1612
/scratch/alipour/replica2/src/7/40/no_swarm,no_swarm,13147,13,2,701,1612
/scratch/alipour/replica2/src/7/40/half_swarm,half_swarm,13147,2,2,808,1612
/scratch/alipour/replica2/src/7/41/no_swarm,no_swarm,25136,3,2,784,1612
/scratch/alipour/replica2/src/7/41/half_swarm,half_swarm,25136,0,2,789,1612
/scratch/alipour/replica2/src/7/42/no_swarm,no_swarm,16245,83,5,672,1612
/scratch/alipour/replica2/src/7/42/half_swarm,half_swarm,16245,7,5,802,1612
/scratch/alipour/replica2/src/7/43/no_swarm,no_swarm,13488,34,3,637,1612
/scratch/alipour/replica2/src/7/43/half_swarm,half_swarm,13488,1,3,798,1612
/scratch/alipour/replica2/src/7/44/no_swarm,no_swarm,19198,61,9,379,1612
/scratch/alipour/replica2/src/7/44/half_swarm,half_swarm,19198,4,9,798,1612
/scratch/alipour/replica2/src/7/45/no_swarm,no_swarm,20149,70,4,785,1612
/scratch/alipour/replica2/src/7/45/half_swarm,half_swarm,20149,7,4,757,1612
/scratch/alipour/replica2/src/7/46/no_swarm,no_swarm,9389,44,3,510,1612
/scratch/alipour/replica2/src/7/46/half_swarm,half_swarm,9389,2,3,673,1612
/scratch/alipour/replica2/src/7/47/no_swarm,no_swarm,16458,115,3,513,1612
/scratch/alipour/replica2/src/7/47/half_swarm,half_swarm,16458,1,3,800,1612
/scratch/alipour/replica2/src/7/48/half_swarm,half_swarm,29797,4,7,809,1612
/scratch/alipour/replica2/src/7/49/half_swarm,half_swarm,30913,2,4,799,1612
/scratch/alipour/replica2/src/8/0/no_swarm,no_swarm,24642,87,10,830,2478
/scratch/alipour/replica2/src/8/0/half_swarm,half_swarm,24642,8,10,815,2478
/scratch/alipour/replica2/src/8/1/half_swarm,half_swarm,7639,21,36,766,2478
/scratch/alipour/replica2/src/8/2/half_swarm,half_swarm,20725,1,4,800,2478
/scratch/alipour/replica2/src/8/3/no_swarm,no_swarm,17973,250,27,467,2478
/scratch/alipour/replica2/src/8/3/half_swarm,half_swarm,17973,16,27,778,2478
/scratch/alipour/replica2/src/8/4/no_swarm,no_swarm,20635,6,6,786,2478
/scratch/alipour/replica2/src/8/4/half_swarm,half_swarm,20635,5,6,807,2478
/scratch/alipour/replica2/src/8/5/no_swarm,no_swarm,6991,19,21,821,2478
/scratch/alipour/replica2/src/8/5/half_swarm,half_swarm,6991,9,21,814,2478
/scratch/alipour/replica2/src/8/6/half_swarm,half_swarm,7877,20,45,818,2478
/scratch/alipour/replica2/src/8/7/no_swarm,no_swarm,21094,98,61,666,2478
/scratch/alipour/replica2/src/8/7/half_swarm,half_swarm,21094,25,61,802,2478
/scratch/alipour/replica2/src/8/8/no_swarm,no_swarm,7465,30,42,778,2478
/scratch/alipour/replica2/src/8/8/half_swarm,half_swarm,7465,21,42,800,2478
/scratch/alipour/replica2/src/8/9/half_swarm,half_swarm,18352,4,7,805,2478
/scratch/alipour/replica2/src/8/10/half_swarm,half_swarm,19973,17,31,815,2478
/scratch/alipour/replica2/src/8/11/no_swarm,no_swarm,18390,728,79,814,2478
/scratch/alipour/replica2/src/8/11/half_swarm,half_swarm,18390,57,79,797,2478
/scratch/alipour/replica2/src/8/12/no_swarm,no_swarm,29775,86,10,799,2478
/scratch/alipour/replica2/src/8/12/half_swarm,half_swarm,29775,1,10,782,2478
/scratch/alipour/replica2/src/8/13/no_swarm,no_swarm,10018,75,8,811,2478
/scratch/alipour/replica2/src/8/13/half_swarm,half_swarm,10018,4,8,802,2478
/scratch/alipour/replica2/src/8/14/half_swarm,half_swarm,15897,13,19,799,2478
/scratch/alipour/replica2/src/8/15/no_swarm,no_swarm,28598,7,3,539,2478
/scratch/alipour/replica2/src/8/15/half_swarm,half_swarm,28598,0,3,804,2478
/scratch/alipour/replica2/src/8/16/no_swarm,no_swarm,31078,79,22,715,2478
/scratch/alipour/replica2/src/8/16/half_swarm,half_swarm,31078,12,22,811,2478
/scratch/alipour/replica2/src/8/17/half_swarm,half_swarm,7434,8,20,590,2478
/scratch/alipour/replica2/src/8/18/no_swarm,no_swarm,20178,159,71,654,2478
/scratch/alipour/replica2/src/8/18/half_swarm,half_swarm,20178,53,71,808,2478
/scratch/alipour/replica2/src/8/19/no_swarm,no_swarm,32039,25,5,804,2478
/scratch/alipour/replica2/src/8/19/half_swarm,half_swarm,32039,0,5,814,2478
/scratch/alipour/replica2/src/8/20/no_swarm,no_swarm,9994,91,8,808,2478
/scratch/alipour/replica2/src/8/20/half_swarm,half_swarm,9994,7,8,795,2478
/scratch/alipour/replica2/src/8/21/no_swarm,no_swarm,7727,6,10,536,2478
/scratch/alipour/replica2/src/8/21/half_swarm,half_swarm,7727,5,10,813,2478
/scratch/alipour/replica2/src/8/22/no_swarm,no_swarm,18213,85,8,816,2478
/scratch/alipour/replica2/src/8/22/half_swarm,half_swarm,18213,12,8,809,2478
/scratch/alipour/replica2/src/8/23/half_swarm,half_swarm,30403,1,5,782,2478
/scratch/alipour/replica2/src/8/24/no_swarm,no_swarm,24572,4,3,737,2478
/scratch/alipour/replica2/src/8/24/half_swarm,half_swarm,24572,2,3,805,2478
/scratch/alipour/replica2/src/8/25/no_swarm,no_swarm,28974,89,10,810,2478
/scratch/alipour/replica2/src/8/25/half_swarm,half_swarm,28974,5,10,793,2478
/scratch/alipour/replica2/src/8/26/half_swarm,half_swarm,30485,2,5,504,2478
/scratch/alipour/replica2/src/8/27/no_swarm,no_swarm,24646,122,10,1016,2478
/scratch/alipour/replica2/src/8/27/half_swarm,half_swarm,24646,7,10,1016,2478
/scratch/alipour/replica2/src/8/28/half_swarm,half_swarm,7876,25,45,1018,2478
/scratch/alipour/replica2/src/8/29/half_swarm,half_swarm,21202,12,14,1018,2478
/scratch/alipour/replica2/src/8/30/no_swarm,no_swarm,12659,471,29,471,2478
/scratch/alipour/replica2/src/8/30/half_swarm,half_swarm,12659,31,29,965,2478
/scratch/alipour/replica2/src/8/31/no_swarm,no_swarm,7203,10,11,1004,2478
/scratch/alipour/replica2/src/8/31/half_swarm,half_swarm,7203,4,11,991,2478
/scratch/alipour/replica2/src/8/32/half_swarm,half_swarm,28608,8,15,1004,2478
/scratch/alipour/replica2/src/8/33/no_swarm,no_swarm,7168,30,68,888,2478
/scratch/alipour/replica2/src/8/33/half_swarm,half_swarm,7168,29,68,1018,2478
/scratch/alipour/replica2/src/8/34/half_swarm,half_swarm,15030,9,28,791,2478
/scratch/alipour/replica2/src/8/35/no_swarm,no_swarm,7245,1,11,679,2478
/scratch/alipour/replica2/src/8/35/half_swarm,half_swarm,7245,4,11,796,2478
/scratch/alipour/replica2/src/8/36/half_swarm,half_swarm,17580,0,6,798,2478
/scratch/alipour/replica2/src/8/37/no_swarm,no_swarm,7040,55,57,809,2478
/scratch/alipour/replica2/src/8/37/half_swarm,half_swarm,7040,32,57,810,2478
/scratch/alipour/replica3/src/11/0/no_swarm,no_swarm,20421,16,12,753,2621
/scratch/alipour/replica3/src/11/0/half_swarm,half_swarm,20421,3,12,755,2621
/scratch/alipour/replica3/src/11/1/no_swarm,no_swarm,10160,379,33,743,2621
/scratch/alipour/replica3/src/11/1/half_swarm,half_swarm,10160,43,33,736,2621
/scratch/alipour/replica3/src/11/2/no_swarm,no_swarm,18973,51,50,629,2621
/scratch/alipour/replica3/src/11/2/half_swarm,half_swarm,18973,13,50,750,2621
/scratch/alipour/replica3/src/11/3/half_swarm,half_swarm,21287,5,11,737,2621
/scratch/alipour/replica3/src/11/4/no_swarm,no_swarm,4190,127,79,729,2621
/scratch/alipour/replica3/src/11/4/half_swarm,half_swarm,4190,32,79,746,2621
/scratch/alipour/replica3/src/11/5/no_swarm,no_swarm,1757,666,34,671,2621
/scratch/alipour/replica3/src/11/5/half_swarm,half_swarm,1757,32,34,723,2621
/scratch/alipour/replica3/src/11/6/no_swarm,no_swarm,28592,17,25,751,2621
/scratch/alipour/replica3/src/11/6/half_swarm,half_swarm,28592,4,25,845,2621
/scratch/alipour/replica3/src/11/7/no_swarm,no_swarm,18161,57,5,756,2621
/scratch/alipour/replica3/src/11/7/half_swarm,half_swarm,18161,4,5,727,2621
/scratch/alipour/replica3/src/11/8/half_swarm,half_swarm,7907,2,13,717,2621
/scratch/alipour/replica3/src/11/9/no_swarm,no_swarm,9477,128,8,426,2621
/scratch/alipour/replica3/src/11/9/half_swarm,half_swarm,9477,9,8,700,2621
/scratch/alipour/replica3/src/11/10/no_swarm,no_swarm,18361,106,11,811,2621
/scratch/alipour/replica3/src/11/10/half_swarm,half_swarm,18361,10,11,755,2621
/scratch/alipour/replica3/src/11/11/no_swarm,no_swarm,6996,92,89,730,2621
/scratch/alipour/replica3/src/11/11/half_swarm,half_swarm,6996,23,89,752,2621
/scratch/alipour/replica3/src/11/12/half_swarm,half_swarm,3252,2,6,660,2621
/scratch/alipour/replica3/src/11/13/no_swarm,no_swarm,20737,6,7,679,2621
/scratch/alipour/replica3/src/11/13/half_swarm,half_swarm,20737,3,7,614,2621
/scratch/alipour/replica3/src/11/14/no_swarm,no_swarm,7107,65,89,472,2621
/scratch/alipour/replica3/src/11/14/half_swarm,half_swarm,7107,14,89,520,2621
/scratch/alipour/replica3/src/11/15/half_swarm,half_swarm,18996,0,5,506,2621
/scratch/alipour/replica3/src/11/16/half_swarm,half_swarm,18303,2,3,500,2621
/scratch/alipour/replica3/src/11/17/half_swarm,half_swarm,14661,3,3,536,2621
/scratch/alipour/replica3/src/11/18/no_swarm,no_swarm,24631,33,11,294,2621
/scratch/alipour/replica3/src/11/18/half_swarm,half_swarm,24631,3,11,496,2621
/scratch/alipour/replica3/src/11/19/half_swarm,half_swarm,29833,5,23,504,2621
/scratch/alipour/replica3/src/11/20/no_swarm,no_swarm,32418,51,58,523,2621
/scratch/alipour/replica3/src/11/20/half_swarm,half_swarm,32418,18,58,509,2621
/scratch/alipour/replica3/src/11/21/no_swarm,no_swarm,12654,468,34,469,2621
/scratch/alipour/replica3/src/11/21/half_swarm,half_swarm,12654,35,34,516,2621
/scratch/alipour/replica3/src/11/22/half_swarm,half_swarm,20615,1,7,517,2621
/scratch/alipour/replica3/src/11/23/no_swarm,no_swarm,7152,52,89,512,2621
/scratch/alipour/replica3/src/11/23/half_swarm,half_swarm,7152,15,89,528,2621
/scratch/alipour/replica3/src/11/24/no_swarm,no_swarm,21239,49,49,499,2621
/scratch/alipour/replica3/src/11/24/half_swarm,half_swarm,21239,15,49,479,2621
/scratch/alipour/replica3/src/11/25/half_swarm,half_swarm,6989,7,34,543,2621
/scratch/alipour/replica3/src/11/26/no_swarm,no_swarm,22357,16,4,526,2621
/scratch/alipour/replica3/src/11/26/half_swarm,half_swarm,22357,2,4,515,2621
/scratch/alipour/replica3/src/11/27/half_swarm,half_swarm,14814,0,5,524,2621
/scratch/alipour/replica3/src/11/28/half_swarm,half_swarm,31104,6,17,556,2621
/scratch/alipour/replica3/src/11/29/no_swarm,no_swarm,15413,147,19,458,2621
/scratch/alipour/replica3/src/11/29/half_swarm,half_swarm,15413,9,19,540,2621
/scratch/alipour/replica3/src/11/30/no_swarm,no_swarm,6940,78,89,509,2621
/scratch/alipour/replica3/src/11/30/half_swarm,half_swarm,6940,20,89,520,2621
/scratch/alipour/replica3/src/11/31/half_swarm,half_swarm,18995,0,5,512,2621
/scratch/alipour/replica3/src/11/32/no_swarm,no_swarm,24632,36,11,282,2621
/scratch/alipour/replica3/src/11/32/half_swarm,half_swarm,24632,0,11,522,2621
/scratch/alipour/replica3/src/11/33/half_swarm,half_swarm,30953,0,3,549,2621
/scratch/alipour/replica3/src/11/34/no_swarm,no_swarm,7429,40,63,505,2621
/scratch/alipour/replica3/src/11/34/half_swarm,half_swarm,7429,14,63,506,2621
/scratch/alipour/replica3/src/11/35/half_swarm,half_swarm,30486,1,3,552,2621
/scratch/alipour/replica3/src/11/36/half_swarm,half_swarm,18658,7,3,555,2621
/scratch/alipour/replica3/src/11/37/no_swarm,no_swarm,7095,42,63,514,2621
/scratch/alipour/replica3/src/11/37/half_swarm,half_swarm,7095,18,63,485,2621
/scratch/alipour/replica3/src/11/38/half_swarm,half_swarm,7926,1,13,505,2621
/scratch/alipour/replica3/src/11/39/half_swarm,half_swarm,15979,2,6,509,2621
/scratch/alipour/replica3/src/11/40/half_swarm,half_swarm,28856,5,17,538,2621
/scratch/alipour/replica3/src/11/41/no_swarm,no_swarm,25312,31,67,499,2621
/scratch/alipour/replica3/src/11/41/half_swarm,half_swarm,25312,23,67,523,2621
/scratch/alipour/replica3/src/11/42/half_swarm,half_swarm,18644,10,27,528,2621
/scratch/alipour/replica3/src/11/43/no_swarm,no_swarm,28741,47,13,395,2621
/scratch/alipour/replica3/src/11/43/half_swarm,half_swarm,28741,10,13,515,2621
/scratch/alipour/replica3/src/11/44/no_swarm,no_swarm,29578,40,13,367,2621
/scratch/alipour/replica3/src/11/44/half_swarm,half_swarm,29578,10,13,516,2621
/scratch/alipour/replica3/src/11/45/no_swarm,no_swarm,20578,0,9,445,2621
/scratch/alipour/replica3/src/11/45/half_swarm,half_swarm,20578,3,9,524,2621
/scratch/alipour/replica3/src/11/46/no_swarm,no_swarm,20756,0,17,423,2621
/scratch/alipour/replica3/src/11/46/half_swarm,half_swarm,20756,5,17,537,2621
/scratch/alipour/replica3/src/11/47/no_swarm,no_swarm,7670,80,76,459,2621
/scratch/alipour/replica3/src/11/47/half_swarm,half_swarm,7670,21,76,540,2621
/scratch/alipour/replica3/src/11/48/half_swarm,half_swarm,27203,2,4,532,2621
/scratch/alipour/replica3/src/11/49/half_swarm,half_swarm,7631,12,51,532,2621
/scratch/alipour/replica3/src/12/0/no_swarm,no_swarm,15655,0,4,476,1630
/scratch/alipour/replica3/src/12/0/half_swarm,half_swarm,15655,1,4,503,1630
/scratch/alipour/replica3/src/12/1/no_swarm,no_swarm,10421,7,11,354,1630
/scratch/alipour/replica3/src/12/1/half_swarm,half_swarm,10421,7,11,518,1630
/scratch/alipour/replica3/src/12/2/no_swarm,no_swarm,20990,3,11,547,1630
/scratch/alipour/replica3/src/12/2/half_swarm,half_swarm,20990,4,11,533,1630
/scratch/alipour/replica3/src/12/3/no_swarm,no_swarm,17374,44,22,444,1630
/scratch/alipour/replica3/src/12/3/half_swarm,half_swarm,17374,6,22,497,1630
/scratch/alipour/replica3/src/12/4/half_swarm,half_swarm,9222,0,2,523,1630
/scratch/alipour/replica3/src/12/5/no_swarm,no_swarm,19194,43,8,366,1630
/scratch/alipour/replica3/src/12/5/half_swarm,half_swarm,19194,8,8,531,1630
/scratch/alipour/replica3/src/12/6/no_swarm,no_swarm,28669,12,15,330,1630
/scratch/alipour/replica3/src/12/6/half_swarm,half_swarm,28669,5,15,519,1630
/scratch/alipour/replica3/src/12/7/no_swarm,no_swarm,8115,7,8,310,1630
/scratch/alipour/replica3/src/12/7/half_swarm,half_swarm,8115,3,8,543,1630
/scratch/alipour/replica3/src/12/8/half_swarm,half_swarm,1700,26,51,548,1630
/scratch/alipour/replica3/src/12/9/half_swarm,half_swarm,20714,16,25,547,1630
/scratch/alipour/replica3/src/12/10/no_swarm,no_swarm,2260,495,24,503,1630
/scratch/alipour/replica3/src/12/10/half_swarm,half_swarm,2260,27,24,505,1630
/scratch/alipour/replica3/src/12/11/no_swarm,no_swarm,7660,12,12,495,1630
/scratch/alipour/replica3/src/12/11/half_swarm,half_swarm,7660,5,12,507,1630
/scratch/alipour/replica3/src/12/12/no_swarm,no_swarm,32393,13,12,442,1630
/scratch/alipour/replica3/src/12/12/half_swarm,half_swarm,32393,6,12,501,1630
/scratch/alipour/replica3/src/12/13/no_swarm,no_swarm,28562,60,27,540,1630
/scratch/alipour/replica3/src/12/13/half_swarm,half_swarm,28562,18,27,955,1630
/scratch/alipour/replica3/src/12/14/no_swarm,no_swarm,18386,0,4,585,1630
/scratch/alipour/replica3/src/12/14/half_swarm,half_swarm,18386,4,4,735,1630
/scratch/alipour/replica3/src/12/15/half_swarm,half_swarm,22011,4,11,743,1630
/scratch/alipour/replica3/src/12/16/no_swarm,no_swarm,7066,128,45,752,1630
/scratch/alipour/replica3/src/12/16/half_swarm,half_swarm,7066,21,45,764,1630
/scratch/alipour/replica3/src/12/17/no_swarm,no_swarm,22041,15,5,743,1630
/scratch/alipour/replica3/src/12/17/half_swarm,half_swarm,22041,0,5,750,1630
/scratch/alipour/replica3/src/12/18/no_swarm,no_swarm,4178,156,43,759,1630
/scratch/alipour/replica3/src/12/18/half_swarm,half_swarm,4178,27,43,768,1630
/scratch/alipour/replica3/src/12/19/half_swarm,half_swarm,21995,4,3,748,1630
/scratch/alipour/replica3/src/12/20/no_swarm,no_swarm,24947,15,27,754,1630
/scratch/alipour/replica3/src/12/20/half_swarm,half_swarm,24947,4,27,694,1630
/scratch/alipour/replica3/src/12/21/no_swarm,no_swarm,21227,147,27,752,1630
/scratch/alipour/replica3/src/12/21/half_swarm,half_swarm,21227,15,27,750,1630
/scratch/alipour/replica3/src/12/22/no_swarm,no_swarm,10067,106,26,760,1630
/scratch/alipour/replica3/src/12/22/half_swarm,half_swarm,10067,14,26,718,1630
/scratch/alipour/replica3/src/12/23/half_swarm,half_swarm,29211,36,51,716,1630
/scratch/alipour/replica3/src/12/24/no_swarm,no_swarm,18852,305,8,677,1630
/scratch/alipour/replica3/src/12/24/half_swarm,half_swarm,18852,11,8,759,1630
/scratch/alipour/replica3/src/12/25/no_swarm,no_swarm,24584,37,10,382,1630
/scratch/alipour/replica3/src/12/25/half_swarm,half_swarm,24584,6,10,754,1630
/scratch/alipour/replica3/src/12/26/no_swarm,no_swarm,7947,51,10,729,1630
/scratch/alipour/replica3/src/12/26/half_swarm,half_swarm,7947,3,10,749,1630
/scratch/alipour/replica3/src/12/27/no_swarm,no_swarm,8122,8,8,452,1630
/scratch/alipour/replica3/src/12/27/half_swarm,half_swarm,8122,5,8,734,1630
/scratch/alipour/replica3/src/12/28/no_swarm,no_swarm,7702,76,24,701,1630
/scratch/alipour/replica3/src/12/28/half_swarm,half_swarm,7702,10,24,756,1630
/scratch/alipour/replica3/src/12/29/no_swarm,no_swarm,9873,0,2,625,1630
/scratch/alipour/replica3/src/12/29/half_swarm,half_swarm,9873,0,2,742,1630
/scratch/alipour/replica3/src/12/30/half_swarm,half_swarm,28901,36,51,753,1630
/scratch/alipour/replica3/src/12/31/half_swarm,half_swarm,12207,2,2,612,1630
/scratch/alipour/replica3/src/12/32/no_swarm,no_swarm,3315,19,3,629,1630
/scratch/alipour/replica3/src/12/32/half_swarm,half_swarm,3315,0,3,766,1630
/scratch/alipour/replica3/src/12/33/no_swarm,no_swarm,7451,21,20,735,1630
/scratch/alipour/replica3/src/12/33/half_swarm,half_swarm,7451,13,20,750,1630
/scratch/alipour/replica3/src/12/34/half_swarm,half_swarm,21461,5,8,893,1630
/scratch/alipour/replica3/src/12/35/no_swarm,no_swarm,7903,110,24,979,1630
/scratch/alipour/replica3/src/12/35/half_swarm,half_swarm,7903,24,24,979,1630
/scratch/alipour/replica3/src/12/36/no_swarm,no_swarm,9998,91,5,967,1630
/scratch/alipour/replica3/src/12/36/half_swarm,half_swarm,9998,5,5,844,1630
/scratch/alipour/replica3/src/12/37/half_swarm,half_swarm,9744,8,9,685,1630
/scratch/alipour/replica3/src/12/38/no_swarm,no_swarm,18772,193,9,665,1630
/scratch/alipour/replica3/src/12/38/half_swarm,half_swarm,18772,6,9,784,1630
/scratch/alipour/replica3/src/12/39/no_swarm,no_swarm,8113,12,8,465,1630
/scratch/alipour/replica3/src/12/39/half_swarm,half_swarm,8113,3,8,782,1630
/scratch/alipour/replica3/src/12/40/half_swarm,half_swarm,30474,2,3,785,1630
/scratch/alipour/replica3/src/12/41/no_swarm,no_swarm,6927,172,48,763,1630
/scratch/alipour/replica3/src/12/41/half_swarm,half_swarm,6927,27,48,787,1630
/scratch/alipour/replica3/src/12/42/no_swarm,no_swarm,7998,7,16,671,1630
/scratch/alipour/replica3/src/12/42/half_swarm,half_swarm,7998,11,16,771,1630
/scratch/alipour/replica3/src/12/43/half_swarm,half_swarm,29030,36,51,757,1630
/scratch/alipour/replica3/src/12/44/no_swarm,no_swarm,21325,25,6,780,1630
/scratch/alipour/replica3/src/12/44/half_swarm,half_swarm,21325,4,6,781,1630
/scratch/alipour/replica3/src/12/45/half_swarm,half_swarm,28960,34,51,750,1630
/scratch/alipour/replica3/src/12/46/no_swarm,no_swarm,7931,83,24,753,1630
/scratch/alipour/replica3/src/12/46/half_swarm,half_swarm,7931,17,24,653,1630
/scratch/alipour/replica3/src/12/47/no_swarm,no_swarm,18780,193,9,675,1630
/scratch/alipour/replica3/src/12/47/half_swarm,half_swarm,18780,13,9,779,1630
/scratch/alipour/replica3/src/12/48/no_swarm,no_swarm,7059,136,45,783,1630
/scratch/alipour/replica3/src/12/48/half_swarm,half_swarm,7059,30,45,783,1630
/scratch/alipour/replica3/src/12/49/half_swarm,half_swarm,28660,6,23,785,1630
/scratch/alipour/replica3/src/13/0/no_swarm,no_swarm,1892,30,3,617,2406
/scratch/alipour/replica3/src/13/0/half_swarm,half_swarm,1892,0,3,775,2406
/scratch/alipour/replica3/src/13/1/no_swarm,no_swarm,15946,22,4,668,2406
/scratch/alipour/replica3/src/13/1/half_swarm,half_swarm,15946,0,4,738,2406
/scratch/alipour/replica3/src/13/2/half_swarm,half_swarm,16249,7,10,684,2406
/scratch/alipour/replica3/src/13/3/no_swarm,no_swarm,18780,181,12,550,2406
/scratch/alipour/replica3/src/13/3/half_swarm,half_swarm,18780,3,12,781,2406
/scratch/alipour/replica3/src/13/4/no_swarm,no_swarm,19024,176,15,596,2406
/scratch/alipour/replica3/src/13/4/half_swarm,half_swarm,19024,14,15,784,2406
/scratch/alipour/replica3/src/13/5/no_swarm,no_swarm,18918,11,21,604,2406
/scratch/alipour/replica3/src/13/5/half_swarm,half_swarm,18918,6,21,780,2406
/scratch/alipour/replica3/src/13/6/half_swarm,half_swarm,10251,2,6,789,2406
/scratch/alipour/replica3/src/13/7/half_swarm,half_swarm,11436,0,3,763,2406
/scratch/alipour/replica3/src/13/8/no_swarm,no_swarm,15871,76,15,633,2406
/scratch/alipour/replica3/src/13/8/half_swarm,half_swarm,15871,8,15,774,2406
/scratch/alipour/replica3/src/13/9/no_swarm,no_swarm,8079,36,52,535,2406
/scratch/alipour/replica3/src/13/9/half_swarm,half_swarm,8079,20,52,770,2406
/scratch/alipour/replica3/src/13/10/no_swarm,no_swarm,21270,12,28,772,2406
/scratch/alipour/replica3/src/13/10/half_swarm,half_swarm,21270,7,28,786,2406
/scratch/alipour/replica3/src/13/11/no_swarm,no_swarm,18554,48,6,781,2406
/scratch/alipour/replica3/src/13/11/half_swarm,half_swarm,18554,5,6,775,2406
/scratch/alipour/replica3/src/13/12/half_swarm,half_swarm,28562,12,36,774,2406
/scratch/alipour/replica3/src/13/13/no_swarm,no_swarm,3249,31,4,717,2406
/scratch/alipour/replica3/src/13/13/half_swarm,half_swarm,3249,1,4,783,2406
/scratch/alipour/replica3/src/13/14/no_swarm,no_swarm,18215,71,12,772,2406
/scratch/alipour/replica3/src/13/14/half_swarm,half_swarm,18215,5,12,773,2406
/scratch/alipour/replica3/src/13/15/no_swarm,no_swarm,7561,15,20,780,2406
/scratch/alipour/replica3/src/13/15/half_swarm,half_swarm,7561,6,20,785,2406
/scratch/alipour/replica3/src/13/16/no_swarm,no_swarm,19160,79,39,642,2406
/scratch/alipour/replica3/src/13/16/half_swarm,half_swarm,19160,23,39,781,2406
/scratch/alipour/replica3/src/13/17/half_swarm,half_swarm,12685,28,33,525,2406
/scratch/alipour/replica3/src/13/18/no_swarm,no_swarm,7074,42,64,747,2406
/scratch/alipour/replica3/src/13/18/half_swarm,half_swarm,7074,21,64,777,2406
/scratch/alipour/replica3/src/13/19/no_swarm,no_swarm,18817,33,3,741,2406
/scratch/alipour/replica3/src/13/19/half_swarm,half_swarm,18817,2,3,782,2406
/scratch/alipour/replica3/src/13/20/half_swarm,half_swarm,12654,51,33,676,2406
/scratch/alipour/replica3/src/13/21/no_swarm,no_swarm,13143,90,8,523,2406
/scratch/alipour/replica3/src/13/21/half_swarm,half_swarm,13143,5,8,786,2406
/scratch/alipour/replica3/src/13/22/no_swarm,no_swarm,15901,100,23,659,2406
/scratch/alipour/replica3/src/13/22/half_swarm,half_swarm,15901,13,23,779,2406
/scratch/alipour/replica3/src/13/23/half_swarm,half_swarm,10591,4,3,747,2406
/scratch/alipour/replica3/src/13/24/no_swarm,no_swarm,7250,14,20,759,2406
/scratch/alipour/replica3/src/13/24/half_swarm,half_swarm,7250,4,20,771,2406
/scratch/alipour/replica3/src/13/25/half_swarm,half_swarm,1752,36,33,648,2406
/scratch/alipour/replica3/src/13/26/half_swarm,half_swarm,16565,2,8,519,2406
/scratch/alipour/replica3/src/13/27/half_swarm,half_swarm,28846,12,11,990,2406
/scratch/alipour/replica3/src/13/28/no_swarm,no_swarm,20711,201,33,606,2406
/scratch/alipour/replica3/src/13/28/half_swarm,half_swarm,20711,35,33,987,2406
/scratch/alipour/replica3/src/13/29/no_swarm,no_swarm,3272,30,4,887,2406
/scratch/alipour/replica3/src/13/29/half_swarm,half_swarm,3272,2,4,995,2406
/scratch/alipour/replica3/src/13/30/half_swarm,half_swarm,20558,12,10,957,2406
/scratch/alipour/replica3/src/13/31/no_swarm,no_swarm,24033,106,3,622,2406
/scratch/alipour/replica3/src/13/31/half_swarm,half_swarm,24033,1,3,957,2406
/scratch/alipour/replica3/src/13/32/half_swarm,half_swarm,28490,9,18,971,2406
/scratch/alipour/replica3/src/13/33/no_swarm,no_swarm,3288,28,4,887,2406
/scratch/alipour/replica3/src/13/33/half_swarm,half_swarm,3288,2,4,992,2406
/scratch/alipour/replica3/src/13/34/half_swarm,half_swarm,7653,5,21,763,2406
/scratch/alipour/replica3/src/13/35/half_swarm,half_swarm,28853,6,11,760,2406
/scratch/alipour/replica3/src/13/36/no_swarm,no_swarm,20172,374,45,764,2406
/scratch/alipour/replica3/src/13/36/half_swarm,half_swarm,20172,39,45,773,2406
/scratch/alipour/replica3/src/13/37/no_swarm,no_swarm,14903,12,10,759,2406
/scratch/alipour/replica3/src/13/37/half_swarm,half_swarm,14903,3,10,782,2406
