/scratch/yaffs_replica1/guided-random-testing/src/0/0/no_swarm,no_swarm,5158,2269,1662,2325,7009
/scratch/yaffs_replica1/guided-random-testing/src/0/0/half_swarm,half_swarm,5158,2086,1662,2325,7009
/scratch/yaffs_replica1/guided-random-testing/src/0/1/no_swarm,no_swarm,5032,1809,1377,2289,7009
/scratch/yaffs_replica1/guided-random-testing/src/0/1/half_swarm,half_swarm,5032,1661,1377,2359,7009
/scratch/yaffs_replica1/guided-random-testing/src/0/2/no_swarm,no_swarm,4950,1663,1228,2327,7009
/scratch/yaffs_replica1/guided-random-testing/src/0/2/half_swarm,half_swarm,4950,1390,1228,2350,7009
/scratch/yaffs_replica1/guided-random-testing/src/0/3/no_swarm,no_swarm,3181,780,423,2165,7009
/scratch/yaffs_replica1/guided-random-testing/src/0/3/half_swarm,half_swarm,3181,640,423,2246,7009
/scratch/yaffs_replica1/guided-random-testing/src/0/4/no_swarm,no_swarm,1155,886,423,2117,7009
/scratch/yaffs_replica1/guided-random-testing/src/0/4/half_swarm,half_swarm,1155,661,423,2248,7009
/scratch/yaffs_replica1/guided-random-testing/src/0/5/no_swarm,no_swarm,5086,2295,1663,2298,7009
/scratch/yaffs_replica1/guided-random-testing/src/0/5/half_swarm,half_swarm,5086,2312,1663,2370,7009
/scratch/yaffs_replica1/guided-random-testing/src/0/6/no_swarm,no_swarm,3377,2257,1562,2336,7009
/scratch/yaffs_replica1/guided-random-testing/src/0/6/half_swarm,half_swarm,3377,2133,1562,2406,7009
/scratch/yaffs_replica1/guided-random-testing/src/0/7/no_swarm,no_swarm,5995,2710,1371,2710,7009
/scratch/yaffs_replica1/guided-random-testing/src/0/7/half_swarm,half_swarm,5995,2426,1371,2771,7009
/scratch/yaffs_replica1/guided-random-testing/src/0/8/no_swarm,no_swarm,1820,1885,678,2218,7009
/scratch/yaffs_replica1/guided-random-testing/src/0/8/half_swarm,half_swarm,1820,1509,678,2336,7009
/scratch/yaffs_replica1/guided-random-testing/src/0/9/no_swarm,no_swarm,4884,2296,1734,2299,7009
/scratch/yaffs_replica1/guided-random-testing/src/0/9/half_swarm,half_swarm,4884,2314,1734,2335,7009
/scratch/yaffs_replica1/guided-random-testing/src/0/10/no_swarm,no_swarm,3361,1961,1562,2065,7009
/scratch/yaffs_replica1/guided-random-testing/src/0/10/half_swarm,half_swarm,3361,2054,1562,2341,7009
/scratch/yaffs_replica1/guided-random-testing/src/0/11/no_swarm,no_swarm,4794,1231,2326,2304,7009
/scratch/yaffs_replica1/guided-random-testing/src/0/11/half_swarm,half_swarm,4794,1112,2326,2314,7009
/scratch/yaffs_replica1/guided-random-testing/src/0/12/no_swarm,no_swarm,4889,2276,1734,2285,7009
/scratch/yaffs_replica1/guided-random-testing/src/0/12/half_swarm,half_swarm,4889,2334,1734,2355,7009
/scratch/yaffs_replica1/guided-random-testing/src/0/13/no_swarm,no_swarm,1883,2539,901,2675,7009
/scratch/yaffs_replica1/guided-random-testing/src/0/13/half_swarm,half_swarm,1883,1793,901,2559,7009
/scratch/yaffs_replica1/guided-random-testing/src/0/14/no_swarm,no_swarm,555,2032,2641,2279,7009
/scratch/yaffs_replica1/guided-random-testing/src/0/14/half_swarm,half_swarm,555,1976,2641,2319,7009
/scratch/yaffs_replica1/guided-random-testing/src/0/15/no_swarm,no_swarm,1782,2251,2506,2269,7009
/scratch/yaffs_replica1/guided-random-testing/src/0/15/half_swarm,half_swarm,1782,2236,2506,2312,7009
/scratch/yaffs_replica1/guided-random-testing/src/0/16/no_swarm,no_swarm,1681,1637,1500,2285,7009
/scratch/yaffs_replica1/guided-random-testing/src/0/16/half_swarm,half_swarm,1681,1460,1500,2299,7009
/scratch/yaffs_replica1/guided-random-testing/src/0/17/no_swarm,no_swarm,4981,1978,2155,2298,7009
/scratch/yaffs_replica1/guided-random-testing/src/0/17/half_swarm,half_swarm,4981,1806,2155,2307,7009
/scratch/yaffs_replica1/guided-random-testing/src/0/18/no_swarm,no_swarm,4946,1593,1228,2295,7009
/scratch/yaffs_replica1/guided-random-testing/src/0/18/half_swarm,half_swarm,4946,1395,1228,2296,7009
/scratch/yaffs_replica1/guided-random-testing/src/0/19/no_swarm,no_swarm,885,2054,2078,2279,7009
/scratch/yaffs_replica1/guided-random-testing/src/0/19/half_swarm,half_swarm,885,1865,2078,2278,7009
/scratch/yaffs_replica1/guided-random-testing/src/0/20/no_swarm,no_swarm,5279,2288,1721,2288,7009
/scratch/yaffs_replica1/guided-random-testing/src/0/20/half_swarm,half_swarm,5279,2283,1721,2338,7009
/scratch/yaffs_replica1/guided-random-testing/src/0/21/no_swarm,no_swarm,5203,2175,1662,2255,7009
/scratch/yaffs_replica1/guided-random-testing/src/0/21/half_swarm,half_swarm,5203,1991,1662,2280,7009
/scratch/yaffs_replica1/guided-random-testing/src/0/22/no_swarm,no_swarm,748,1916,2113,2293,7009
/scratch/yaffs_replica1/guided-random-testing/src/0/22/half_swarm,half_swarm,748,1830,2113,2293,7009
/scratch/yaffs_replica1/guided-random-testing/src/0/23/no_swarm,no_swarm,5028,1841,1377,2283,7009
/scratch/yaffs_replica1/guided-random-testing/src/0/23/half_swarm,half_swarm,5028,1604,1377,2377,7009
/scratch/yaffs_replica1/guided-random-testing/src/0/24/no_swarm,no_swarm,5004,1871,2155,2257,7009
/scratch/yaffs_replica1/guided-random-testing/src/0/24/half_swarm,half_swarm,5004,1809,2155,2304,7009
/scratch/yaffs_replica1/guided-random-testing/src/0/25/no_swarm,no_swarm,5857,2826,1580,2826,7009
/scratch/yaffs_replica1/guided-random-testing/src/0/25/half_swarm,half_swarm,5857,2665,1580,2803,7009
/scratch/yaffs_replica1/guided-random-testing/src/0/26/no_swarm,no_swarm,1166,795,423,2086,7009
/scratch/yaffs_replica1/guided-random-testing/src/0/26/half_swarm,half_swarm,1166,638,423,2236,7009
/scratch/yaffs_replica1/guided-random-testing/src/0/27/no_swarm,no_swarm,4518,2010,1657,2278,7009
/scratch/yaffs_replica1/guided-random-testing/src/0/27/half_swarm,half_swarm,4518,1968,1657,2372,7009
/scratch/yaffs_replica1/guided-random-testing/src/0/28/no_swarm,no_swarm,5081,1770,1351,2277,7009
/scratch/yaffs_replica1/guided-random-testing/src/0/28/half_swarm,half_swarm,5081,1545,1351,2270,7009
/scratch/yaffs_replica1/guided-random-testing/src/0/29/no_swarm,no_swarm,465,2094,1911,2172,7009
/scratch/yaffs_replica1/guided-random-testing/src/0/29/half_swarm,half_swarm,465,1566,1911,1753,7009
/scratch/yaffs_replica1/guided-random-testing/src/0/30/no_swarm,no_swarm,3542,1712,2684,1792,7009
/scratch/yaffs_replica1/guided-random-testing/src/0/30/half_swarm,half_swarm,3542,1659,2684,1802,7009
/scratch/yaffs_replica1/guided-random-testing/src/0/31/no_swarm,no_swarm,4805,1026,2326,1757,7009
/scratch/yaffs_replica1/guided-random-testing/src/0/31/half_swarm,half_swarm,4805,872,2326,1792,7009
/scratch/yaffs_replica1/guided-random-testing/src/0/32/no_swarm,no_swarm,4924,1582,1568,1769,7009
/scratch/yaffs_replica1/guided-random-testing/src/0/32/half_swarm,half_swarm,4924,1475,1568,1784,7009
/scratch/yaffs_replica1/guided-random-testing/src/0/33/no_swarm,no_swarm,542,1679,2770,1763,7009
/scratch/yaffs_replica1/guided-random-testing/src/0/33/half_swarm,half_swarm,542,1609,2770,1794,7009
/scratch/yaffs_replica1/guided-random-testing/src/0/34/no_swarm,no_swarm,1659,1198,1226,1736,7009
/scratch/yaffs_replica1/guided-random-testing/src/0/34/half_swarm,half_swarm,1659,1051,1226,1766,7009
/scratch/yaffs_replica1/guided-random-testing/src/0/35/no_swarm,no_swarm,5039,1701,1724,1795,7009
/scratch/yaffs_replica1/guided-random-testing/src/0/35/half_swarm,half_swarm,5039,1635,1724,1823,7009
/scratch/yaffs_replica1/guided-random-testing/src/0/36/no_swarm,no_swarm,1730,1462,2193,1721,7009
/scratch/yaffs_replica1/guided-random-testing/src/0/36/half_swarm,half_swarm,1730,1454,2193,1797,7009
/scratch/yaffs_replica1/guided-random-testing/src/0/37/no_swarm,no_swarm,1699,1536,2193,1766,7009
/scratch/yaffs_replica1/guided-random-testing/src/0/37/half_swarm,half_swarm,1699,1403,2193,1803,7009
/scratch/yaffs_replica1/guided-random-testing/src/0/38/no_swarm,no_swarm,544,1656,2770,1760,7009
/scratch/yaffs_replica1/guided-random-testing/src/0/38/half_swarm,half_swarm,544,1625,2770,1810,7009
/scratch/yaffs_replica1/guided-random-testing/src/0/39/no_swarm,no_swarm,4807,1019,2326,1754,7009
/scratch/yaffs_replica1/guided-random-testing/src/0/39/half_swarm,half_swarm,4807,850,2326,1784,7009
/scratch/yaffs_replica1/guided-random-testing/src/0/40/no_swarm,no_swarm,5073,1354,1351,1758,7009
/scratch/yaffs_replica1/guided-random-testing/src/0/40/half_swarm,half_swarm,5073,1228,1351,1805,7009
/scratch/yaffs_replica1/guided-random-testing/src/0/41/no_swarm,no_swarm,729,535,443,1759,7009
/scratch/yaffs_replica1/guided-random-testing/src/0/41/half_swarm,half_swarm,729,449,443,1804,7009
/scratch/yaffs_replica1/guided-random-testing/src/0/42/no_swarm,no_swarm,876,1579,2078,1777,7009
/scratch/yaffs_replica1/guided-random-testing/src/0/42/half_swarm,half_swarm,876,1444,2078,1770,7009
/scratch/yaffs_replica1/guided-random-testing/src/0/43/no_swarm,no_swarm,601,1705,2143,1831,7009
/scratch/yaffs_replica1/guided-random-testing/src/0/43/half_swarm,half_swarm,601,1580,2143,1859,7009
/scratch/yaffs_replica1/guided-random-testing/src/0/44/no_swarm,no_swarm,5013,1548,2155,1824,7009
/scratch/yaffs_replica1/guided-random-testing/src/0/44/half_swarm,half_swarm,5013,1472,2155,1845,7009
/scratch/yaffs_replica1/guided-random-testing/src/0/45/no_swarm,no_swarm,1160,620,423,1722,7009
/scratch/yaffs_replica1/guided-random-testing/src/0/45/half_swarm,half_swarm,1160,514,423,1807,7009
/scratch/yaffs_replica1/guided-random-testing/src/0/46/no_swarm,no_swarm,4803,1056,2326,1845,7009
/scratch/yaffs_replica1/guided-random-testing/src/0/46/half_swarm,half_swarm,4803,940,2326,1892,7009
/scratch/yaffs_replica1/guided-random-testing/src/0/47/no_swarm,no_swarm,1159,777,423,1708,7009
/scratch/yaffs_replica1/guided-random-testing/src/0/47/half_swarm,half_swarm,1159,519,423,1839,7009
/scratch/yaffs_replica1/guided-random-testing/src/0/48/no_swarm,no_swarm,4374,1215,894,1872,7009
/scratch/yaffs_replica1/guided-random-testing/src/0/48/half_swarm,half_swarm,4374,1065,894,1912,7009
/scratch/yaffs_replica1/guided-random-testing/src/0/49/no_swarm,no_swarm,1667,1600,2193,1878,7009
/scratch/yaffs_replica1/guided-random-testing/src/0/49/half_swarm,half_swarm,1667,1469,2193,1876,7009
/scratch/yaffs_replica1/guided-random-testing/src/1/0/no_swarm,no_swarm,543,2174,2617,2352,6659
/scratch/yaffs_replica1/guided-random-testing/src/1/0/half_swarm,half_swarm,543,2056,2617,2316,6659
/scratch/yaffs_replica1/guided-random-testing/src/1/1/no_swarm,no_swarm,1631,1554,1149,2271,6659
/scratch/yaffs_replica1/guided-random-testing/src/1/1/half_swarm,half_swarm,1631,1287,1149,2353,6659
/scratch/yaffs_replica1/guided-random-testing/src/1/2/no_swarm,no_swarm,1737,1994,2055,2286,6659
/scratch/yaffs_replica1/guided-random-testing/src/1/2/half_swarm,half_swarm,1737,1865,2055,2328,6659
/scratch/yaffs_replica1/guided-random-testing/src/1/3/no_swarm,no_swarm,4795,903,1199,2117,6659
/scratch/yaffs_replica1/guided-random-testing/src/1/3/half_swarm,half_swarm,4795,602,1199,2293,6659
/scratch/yaffs_replica1/guided-random-testing/src/1/4/no_swarm,no_swarm,5173,2273,1586,2346,6659
/scratch/yaffs_replica1/guided-random-testing/src/1/4/half_swarm,half_swarm,5173,2168,1586,2388,6659
/scratch/yaffs_replica1/guided-random-testing/src/1/5/no_swarm,no_swarm,1760,2135,2025,2290,6659
/scratch/yaffs_replica1/guided-random-testing/src/1/5/half_swarm,half_swarm,1760,1999,2025,2306,6659
/scratch/yaffs_replica1/guided-random-testing/src/1/6/no_swarm,no_swarm,5230,2686,1590,2690,6659
/scratch/yaffs_replica1/guided-random-testing/src/1/6/half_swarm,half_swarm,5230,2534,1590,2650,6659
/scratch/yaffs_replica1/guided-random-testing/src/1/7/no_swarm,no_swarm,5917,2848,1599,2848,6659
/scratch/yaffs_replica1/guided-random-testing/src/1/7/half_swarm,half_swarm,5917,2515,1599,2600,6659
/scratch/yaffs_replica1/guided-random-testing/src/1/8/no_swarm,no_swarm,5191,2204,1586,2281,6659
/scratch/yaffs_replica1/guided-random-testing/src/1/8/half_swarm,half_swarm,5191,2127,1586,2336,6659
/scratch/yaffs_replica1/guided-random-testing/src/1/9/no_swarm,no_swarm,1176,799,400,2050,6659
/scratch/yaffs_replica1/guided-random-testing/src/1/9/half_swarm,half_swarm,1176,689,400,2185,6659
/scratch/yaffs_replica1/guided-random-testing/src/1/10/no_swarm,no_swarm,5024,1900,2022,2233,6659
/scratch/yaffs_replica1/guided-random-testing/src/1/10/half_swarm,half_swarm,5024,1876,2022,2455,6659
/scratch/yaffs_replica1/guided-random-testing/src/1/11/no_swarm,no_swarm,5994,2877,1415,2877,6659
/scratch/yaffs_replica1/guided-random-testing/src/1/11/half_swarm,half_swarm,5994,2794,1415,2918,6659
/scratch/yaffs_replica1/guided-random-testing/src/1/12/no_swarm,no_swarm,4905,2372,2251,2485,6659
/scratch/yaffs_replica1/guided-random-testing/src/1/12/half_swarm,half_swarm,4905,2271,2251,2537,6659
/scratch/yaffs_replica1/guided-random-testing/src/1/13/no_swarm,no_swarm,5106,2209,1395,2482,6659
/scratch/yaffs_replica1/guided-random-testing/src/1/13/half_swarm,half_swarm,5106,1906,1395,2375,6659
/scratch/yaffs_replica1/guided-random-testing/src/1/14/no_swarm,no_swarm,1449,2312,2639,2480,6659
/scratch/yaffs_replica1/guided-random-testing/src/1/14/half_swarm,half_swarm,1449,2220,2639,2457,6659
/scratch/yaffs_replica1/guided-random-testing/src/1/15/no_swarm,no_swarm,770,2365,2373,2463,6659
/scratch/yaffs_replica1/guided-random-testing/src/1/15/half_swarm,half_swarm,770,2256,2373,2556,6659
/scratch/yaffs_replica1/guided-random-testing/src/1/16/no_swarm,no_swarm,4805,1782,2271,2201,6659
/scratch/yaffs_replica1/guided-random-testing/src/1/16/half_swarm,half_swarm,4805,1350,2271,2489,6659
/scratch/yaffs_replica1/guided-random-testing/src/1/17/no_swarm,no_swarm,587,2195,2537,2293,6659
/scratch/yaffs_replica1/guided-random-testing/src/1/17/half_swarm,half_swarm,587,2062,2537,2306,6659
/scratch/yaffs_replica1/guided-random-testing/src/1/18/no_swarm,no_swarm,1688,1964,2054,2226,6659
/scratch/yaffs_replica1/guided-random-testing/src/1/18/half_swarm,half_swarm,1688,1781,2054,2283,6659
/scratch/yaffs_replica1/guided-random-testing/src/1/19/no_swarm,no_swarm,4518,2109,1581,2319,6659
/scratch/yaffs_replica1/guided-random-testing/src/1/19/half_swarm,half_swarm,4518,1931,1581,2367,6659
/scratch/yaffs_replica1/guided-random-testing/src/1/20/no_swarm,no_swarm,3875,878,400,2068,6659
/scratch/yaffs_replica1/guided-random-testing/src/1/20/half_swarm,half_swarm,3875,690,400,2207,6659
/scratch/yaffs_replica1/guided-random-testing/src/1/21/no_swarm,no_swarm,1160,812,400,2091,6659
/scratch/yaffs_replica1/guided-random-testing/src/1/21/half_swarm,half_swarm,1160,663,400,2182,6659
/scratch/yaffs_replica1/guided-random-testing/src/1/22/no_swarm,no_swarm,4935,2145,2251,2241,6659
/scratch/yaffs_replica1/guided-random-testing/src/1/22/half_swarm,half_swarm,4935,2124,2251,2336,6659
/scratch/yaffs_replica1/guided-random-testing/src/1/23/no_swarm,no_swarm,5105,2074,1395,2260,6659
/scratch/yaffs_replica1/guided-random-testing/src/1/23/half_swarm,half_swarm,5105,1783,1395,2232,6659
/scratch/yaffs_replica1/guided-random-testing/src/1/24/no_swarm,no_swarm,875,2013,1976,2259,6659
/scratch/yaffs_replica1/guided-random-testing/src/1/24/half_swarm,half_swarm,875,1879,1976,2334,6659
/scratch/yaffs_replica1/guided-random-testing/src/1/25/no_swarm,no_swarm,5913,2812,1599,2812,6659
/scratch/yaffs_replica1/guided-random-testing/src/1/25/half_swarm,half_swarm,5913,2371,1599,2432,6659
/scratch/yaffs_replica1/guided-random-testing/src/1/26/no_swarm,no_swarm,624,2068,2639,2206,6659
/scratch/yaffs_replica1/guided-random-testing/src/1/26/half_swarm,half_swarm,624,1987,2639,2218,6659
/scratch/yaffs_replica1/guided-random-testing/src/1/27/no_swarm,no_swarm,1834,1904,591,2328,6659
/scratch/yaffs_replica1/guided-random-testing/src/1/27/half_swarm,half_swarm,1834,1309,591,2261,6659
/scratch/yaffs_replica1/guided-random-testing/src/1/28/no_swarm,no_swarm,4930,2130,2251,2211,6659
/scratch/yaffs_replica1/guided-random-testing/src/1/28/half_swarm,half_swarm,4930,2072,2251,2270,6659
/scratch/yaffs_replica1/guided-random-testing/src/1/29/no_swarm,no_swarm,479,2041,2639,2223,6659
/scratch/yaffs_replica1/guided-random-testing/src/1/29/half_swarm,half_swarm,479,1962,2639,2192,6659
/scratch/yaffs_replica1/guided-random-testing/src/1/30/no_swarm,no_swarm,1458,2092,2639,2213,6659
/scratch/yaffs_replica1/guided-random-testing/src/1/30/half_swarm,half_swarm,1458,1986,2639,2248,6659
/scratch/yaffs_replica1/guided-random-testing/src/1/31/no_swarm,no_swarm,5109,2191,1602,2195,6659
/scratch/yaffs_replica1/guided-random-testing/src/1/31/half_swarm,half_swarm,5109,2162,1602,2195,6659
/scratch/yaffs_replica1/guided-random-testing/src/1/32/no_swarm,no_swarm,4519,2062,1581,2282,6659
/scratch/yaffs_replica1/guided-random-testing/src/1/32/half_swarm,half_swarm,4519,2084,1581,2471,6659
/scratch/yaffs_replica1/guided-random-testing/src/1/33/no_swarm,no_swarm,4884,2470,1681,2470,6659
/scratch/yaffs_replica1/guided-random-testing/src/1/33/half_swarm,half_swarm,4884,2534,1681,2554,6659
/scratch/yaffs_replica1/guided-random-testing/src/1/34/no_swarm,no_swarm,483,2263,2639,2391,6659
/scratch/yaffs_replica1/guided-random-testing/src/1/34/half_swarm,half_swarm,483,2208,2639,2467,6659
/scratch/yaffs_replica1/guided-random-testing/src/1/35/no_swarm,no_swarm,466,2353,1829,2466,6659
/scratch/yaffs_replica1/guided-random-testing/src/1/35/half_swarm,half_swarm,466,2126,1829,2443,6659
/scratch/yaffs_replica1/guided-random-testing/src/1/36/no_swarm,no_swarm,4814,1373,1901,2226,6659
/scratch/yaffs_replica1/guided-random-testing/src/1/36/half_swarm,half_swarm,4814,1038,1901,2411,6659
/scratch/yaffs_replica1/guided-random-testing/src/1/37/no_swarm,no_swarm,5166,2359,1586,2436,6659
/scratch/yaffs_replica1/guided-random-testing/src/1/37/half_swarm,half_swarm,5166,2273,1586,2510,6659
/scratch/yaffs_replica1/guided-random-testing/src/1/38/no_swarm,no_swarm,1448,2398,2639,2521,6659
/scratch/yaffs_replica1/guided-random-testing/src/1/38/half_swarm,half_swarm,1448,2265,2639,2530,6659
/scratch/yaffs_replica1/guided-random-testing/src/1/39/no_swarm,no_swarm,4158,2328,1829,2460,6659
/scratch/yaffs_replica1/guided-random-testing/src/1/39/half_swarm,half_swarm,4158,2149,1829,2474,6659
/scratch/yaffs_replica1/guided-random-testing/src/1/40/no_swarm,no_swarm,5083,1898,1321,2425,6659
/scratch/yaffs_replica1/guided-random-testing/src/1/40/half_swarm,half_swarm,5083,1699,1321,2425,6659
/scratch/yaffs_replica1/guided-random-testing/src/1/41/no_swarm,no_swarm,1436,864,773,2399,6659
/scratch/yaffs_replica1/guided-random-testing/src/1/41/half_swarm,half_swarm,1436,750,773,2510,6659
/scratch/yaffs_replica1/guided-random-testing/src/1/42/no_swarm,no_swarm,1641,1649,1149,2404,6659
/scratch/yaffs_replica1/guided-random-testing/src/1/42/half_swarm,half_swarm,1641,1408,1149,2491,6659
/scratch/yaffs_replica1/guided-random-testing/src/1/43/no_swarm,no_swarm,5180,2394,1586,2460,6659
/scratch/yaffs_replica1/guided-random-testing/src/1/43/half_swarm,half_swarm,5180,2274,1586,2491,6659
/scratch/yaffs_replica1/guided-random-testing/src/1/44/no_swarm,no_swarm,1756,2267,2025,2411,6659
/scratch/yaffs_replica1/guided-random-testing/src/1/44/half_swarm,half_swarm,1756,2137,2025,2528,6659
/scratch/yaffs_replica1/guided-random-testing/src/1/45/no_swarm,no_swarm,905,1828,1168,2523,6659
/scratch/yaffs_replica1/guided-random-testing/src/1/45/half_swarm,half_swarm,905,1546,1168,2536,6659
/scratch/yaffs_replica1/guided-random-testing/src/1/46/no_swarm,no_swarm,642,2322,2639,2512,6659
/scratch/yaffs_replica1/guided-random-testing/src/1/46/half_swarm,half_swarm,642,2262,2639,2542,6659
/scratch/yaffs_replica1/guided-random-testing/src/1/47/no_swarm,no_swarm,4885,2502,1681,2502,6659
/scratch/yaffs_replica1/guided-random-testing/src/1/47/half_swarm,half_swarm,4885,2540,1681,2566,6659
/scratch/yaffs_replica1/guided-random-testing/src/1/48/no_swarm,no_swarm,4933,2399,2251,2508,6659
/scratch/yaffs_replica1/guided-random-testing/src/1/48/half_swarm,half_swarm,4933,2279,2251,2556,6659
/scratch/yaffs_replica1/guided-random-testing/src/1/49/no_swarm,no_swarm,5005,2184,2022,2484,6659
/scratch/yaffs_replica1/guided-random-testing/src/1/49/half_swarm,half_swarm,5005,2013,2022,2529,6659
/scratch/yaffs_replica1/guided-random-testing/src/2/0/no_swarm,no_swarm,4879,2495,2975,2495,7826
/scratch/yaffs_replica1/guided-random-testing/src/2/0/half_swarm,half_swarm,4879,2472,2975,2481,7826
/scratch/yaffs_replica1/guided-random-testing/src/2/1/no_swarm,no_swarm,4558,2340,1881,2492,7826
/scratch/yaffs_replica1/guided-random-testing/src/2/1/half_swarm,half_swarm,4558,2180,1881,2508,7826
/scratch/yaffs_replica1/guided-random-testing/src/2/2/no_swarm,no_swarm,5022,2217,2465,2460,7826
/scratch/yaffs_replica1/guided-random-testing/src/2/2/half_swarm,half_swarm,5022,2010,2465,2534,7826
/scratch/yaffs_replica1/guided-random-testing/src/2/3/no_swarm,no_swarm,5601,2490,1984,2490,7826
/scratch/yaffs_replica1/guided-random-testing/src/2/3/half_swarm,half_swarm,5601,2533,1984,2560,7826
/scratch/yaffs_replica1/guided-random-testing/src/2/4/no_swarm,no_swarm,1931,2436,1855,2508,7826
/scratch/yaffs_replica1/guided-random-testing/src/2/4/half_swarm,half_swarm,1931,2212,1855,2519,7826
/scratch/yaffs_replica1/guided-random-testing/src/2/5/no_swarm,no_swarm,5103,2250,1725,2484,7826
/scratch/yaffs_replica1/guided-random-testing/src/2/5/half_swarm,half_swarm,5103,1937,1725,2413,7826
/scratch/yaffs_replica1/guided-random-testing/src/2/6/no_swarm,no_swarm,4559,2228,1881,2386,7826
/scratch/yaffs_replica1/guided-random-testing/src/2/6/half_swarm,half_swarm,4559,2131,1881,2408,7826
/scratch/yaffs_replica1/guided-random-testing/src/2/7/no_swarm,no_swarm,4742,2388,1949,2400,7826
/scratch/yaffs_replica1/guided-random-testing/src/2/7/half_swarm,half_swarm,4742,2368,1949,2457,7826
/scratch/yaffs_replica1/guided-random-testing/src/2/8/no_swarm,no_swarm,1845,2847,1752,2847,7826
/scratch/yaffs_replica1/guided-random-testing/src/2/8/half_swarm,half_swarm,1845,2861,1752,2874,7826
/scratch/yaffs_replica1/guided-random-testing/src/2/9/no_swarm,no_swarm,1681,1731,1692,2421,7826
/scratch/yaffs_replica1/guided-random-testing/src/2/9/half_swarm,half_swarm,1681,1464,1692,2417,7826
/scratch/yaffs_replica1/guided-random-testing/src/2/10/no_swarm,no_swarm,3363,2347,1795,2434,7826
/scratch/yaffs_replica1/guided-random-testing/src/2/10/half_swarm,half_swarm,3363,2136,1795,2456,7826
/scratch/yaffs_replica1/guided-random-testing/src/2/11/no_swarm,no_swarm,3376,2300,1795,2391,7826
/scratch/yaffs_replica1/guided-random-testing/src/2/11/half_swarm,half_swarm,3376,2196,1795,2502,7826
/scratch/yaffs_replica1/guided-random-testing/src/2/12/no_swarm,no_swarm,5928,2962,1947,2962,7826
/scratch/yaffs_replica1/guided-random-testing/src/2/12/half_swarm,half_swarm,5928,2620,1947,2712,7826
/scratch/yaffs_replica1/guided-random-testing/src/2/13/no_swarm,no_swarm,3384,2209,1795,2268,7826
/scratch/yaffs_replica1/guided-random-testing/src/2/13/half_swarm,half_swarm,3384,2025,1795,2326,7826
/scratch/yaffs_replica1/guided-random-testing/src/2/14/no_swarm,no_swarm,765,2123,2847,2261,7826
/scratch/yaffs_replica1/guided-random-testing/src/2/14/half_swarm,half_swarm,765,2021,2847,2271,7826
/scratch/yaffs_replica1/guided-random-testing/src/2/15/no_swarm,no_swarm,1734,1953,2492,2232,7826
/scratch/yaffs_replica1/guided-random-testing/src/2/15/half_swarm,half_swarm,1734,1811,2492,2250,7826
/scratch/yaffs_replica1/guided-random-testing/src/2/16/no_swarm,no_swarm,719,2210,1641,2292,7826
/scratch/yaffs_replica1/guided-random-testing/src/2/16/half_swarm,half_swarm,719,1938,1641,2277,7826
/scratch/yaffs_replica1/guided-random-testing/src/2/17/no_swarm,no_swarm,5596,2262,1984,2262,7826
/scratch/yaffs_replica1/guided-random-testing/src/2/17/half_swarm,half_swarm,5596,2290,1984,2331,7826
/scratch/yaffs_replica1/guided-random-testing/src/2/18/no_swarm,no_swarm,5100,2068,1751,2265,7826
/scratch/yaffs_replica1/guided-random-testing/src/2/18/half_swarm,half_swarm,5100,1767,1751,2271,7826
/scratch/yaffs_replica1/guided-random-testing/src/2/19/no_swarm,no_swarm,5927,2801,1947,2801,7826
/scratch/yaffs_replica1/guided-random-testing/src/2/19/half_swarm,half_swarm,5927,2490,1947,2589,7826
/scratch/yaffs_replica1/guided-random-testing/src/2/20/no_swarm,no_swarm,5109,2228,1984,2228,7826
/scratch/yaffs_replica1/guided-random-testing/src/2/20/half_swarm,half_swarm,5109,2157,1984,2205,7826
/scratch/yaffs_replica1/guided-random-testing/src/2/21/no_swarm,no_swarm,1682,1575,1692,2330,7826
/scratch/yaffs_replica1/guided-random-testing/src/2/21/half_swarm,half_swarm,1682,1488,1692,2394,7826
/scratch/yaffs_replica1/guided-random-testing/src/2/22/no_swarm,no_swarm,5978,2889,1572,2894,7826
/scratch/yaffs_replica1/guided-random-testing/src/2/22/half_swarm,half_swarm,5978,2962,1572,3010,7826
/scratch/yaffs_replica1/guided-random-testing/src/2/23/no_swarm,no_swarm,3548,2381,2667,2508,7826
/scratch/yaffs_replica1/guided-random-testing/src/2/23/half_swarm,half_swarm,3548,2293,2667,2590,7826
/scratch/yaffs_replica1/guided-random-testing/src/2/24/no_swarm,no_swarm,5215,2390,1855,2464,7826
/scratch/yaffs_replica1/guided-random-testing/src/2/24/half_swarm,half_swarm,5215,2248,1855,2549,7826
/scratch/yaffs_replica1/guided-random-testing/src/2/25/no_swarm,no_swarm,551,2337,3162,2457,7826
/scratch/yaffs_replica1/guided-random-testing/src/2/25/half_swarm,half_swarm,551,2232,3162,2544,7826
/scratch/yaffs_replica1/guided-random-testing/src/2/26/no_swarm,no_swarm,5214,2417,1855,2490,7826
/scratch/yaffs_replica1/guided-random-testing/src/2/26/half_swarm,half_swarm,5214,2148,1855,2476,7826
/scratch/yaffs_replica1/guided-random-testing/src/2/27/no_swarm,no_swarm,4940,1732,1293,2499,7826
/scratch/yaffs_replica1/guided-random-testing/src/2/27/half_swarm,half_swarm,4940,1513,1293,2504,7826
/scratch/yaffs_replica1/guided-random-testing/src/2/28/no_swarm,no_swarm,2079,3045,2667,3045,7826
/scratch/yaffs_replica1/guided-random-testing/src/2/28/half_swarm,half_swarm,2079,2790,2667,2858,7826
/scratch/yaffs_replica1/guided-random-testing/src/2/29/no_swarm,no_swarm,5113,2503,1984,2503,7826
/scratch/yaffs_replica1/guided-random-testing/src/2/29/half_swarm,half_swarm,5113,2400,1984,2471,7826
/scratch/yaffs_replica1/guided-random-testing/src/2/30/no_swarm,no_swarm,604,2292,2435,2445,7826
/scratch/yaffs_replica1/guided-random-testing/src/2/30/half_swarm,half_swarm,604,2183,2435,2496,7826
/scratch/yaffs_replica1/guided-random-testing/src/2/31/no_swarm,no_swarm,3382,2386,1795,2467,7826
/scratch/yaffs_replica1/guided-random-testing/src/2/31/half_swarm,half_swarm,3382,2221,1795,2549,7826
/scratch/yaffs_replica1/guided-random-testing/src/2/32/no_swarm,no_swarm,5656,3008,1852,3008,7826
/scratch/yaffs_replica1/guided-random-testing/src/2/32/half_swarm,half_swarm,5656,3003,1852,3003,7826
/scratch/yaffs_replica1/guided-random-testing/src/2/33/no_swarm,no_swarm,1664,1783,1293,2470,7826
/scratch/yaffs_replica1/guided-random-testing/src/2/33/half_swarm,half_swarm,1664,1415,1293,2445,7826
/scratch/yaffs_replica1/guided-random-testing/src/2/34/no_swarm,no_swarm,1846,2887,1752,2887,7826
/scratch/yaffs_replica1/guided-random-testing/src/2/34/half_swarm,half_swarm,1846,2973,1752,2994,7826
/scratch/yaffs_replica1/guided-random-testing/src/2/35/no_swarm,no_swarm,4998,2128,2465,2467,7826
/scratch/yaffs_replica1/guided-random-testing/src/2/35/half_swarm,half_swarm,4998,1940,2465,2504,7826
/scratch/yaffs_replica1/guided-random-testing/src/2/36/no_swarm,no_swarm,612,2034,1856,2474,7826
/scratch/yaffs_replica1/guided-random-testing/src/2/36/half_swarm,half_swarm,612,1809,1856,2449,7826
/scratch/yaffs_replica1/guided-random-testing/src/2/37/no_swarm,no_swarm,4967,2146,2465,2491,7826
/scratch/yaffs_replica1/guided-random-testing/src/2/37/half_swarm,half_swarm,4967,1969,2465,2520,7826
/scratch/yaffs_replica1/guided-random-testing/src/2/38/no_swarm,no_swarm,600,2310,2435,2447,7826
/scratch/yaffs_replica1/guided-random-testing/src/2/38/half_swarm,half_swarm,600,1938,2435,2264,7826
/scratch/yaffs_replica1/guided-random-testing/src/2/39/no_swarm,no_swarm,3365,2207,1795,2291,7826
/scratch/yaffs_replica1/guided-random-testing/src/2/39/half_swarm,half_swarm,3365,2084,1795,2353,7826
/scratch/yaffs_replica1/guided-random-testing/src/2/40/no_swarm,no_swarm,889,1893,1838,2269,7826
/scratch/yaffs_replica2/guided-random-testing/src/5/0/no_swarm,no_swarm,4954,1591,1196,2348,6980
/scratch/yaffs_replica2/guided-random-testing/src/5/0/half_swarm,half_swarm,4954,1377,1196,2386,6980
/scratch/yaffs_replica2/guided-random-testing/src/5/1/no_swarm,no_swarm,3370,1820,970,2365,6980
/scratch/yaffs_replica2/guided-random-testing/src/5/1/half_swarm,half_swarm,3370,1550,970,2409,6980
/scratch/yaffs_replica2/guided-random-testing/src/5/2/no_swarm,no_swarm,888,2063,2098,2332,6980
/scratch/yaffs_replica2/guided-random-testing/src/5/2/half_swarm,half_swarm,888,1929,2098,2369,6980
/scratch/yaffs_replica2/guided-random-testing/src/5/3/no_swarm,no_swarm,1787,2290,2548,2320,6980
/scratch/yaffs_replica2/guided-random-testing/src/5/3/half_swarm,half_swarm,1787,2316,2548,2402,6980
/scratch/yaffs_replica2/guided-random-testing/src/5/4/no_swarm,no_swarm,1820,2012,672,2330,6980
/scratch/yaffs_replica2/guided-random-testing/src/5/4/half_swarm,half_swarm,1820,1537,672,2368,6980
/scratch/yaffs_replica2/guided-random-testing/src/5/5/no_swarm,no_swarm,1645,1684,1196,2306,6980
/scratch/yaffs_replica2/guided-random-testing/src/5/5/half_swarm,half_swarm,1645,1319,1196,2324,6980
/scratch/yaffs_replica2/guided-random-testing/src/5/6/no_swarm,no_swarm,4814,1297,2021,2141,6980
/scratch/yaffs_replica2/guided-random-testing/src/5/6/half_swarm,half_swarm,4814,949,2021,2264,6980
/scratch/yaffs_replica2/guided-random-testing/src/5/7/no_swarm,no_swarm,467,2147,1969,2280,6980
/scratch/yaffs_replica2/guided-random-testing/src/5/7/half_swarm,half_swarm,467,2057,1969,2318,6980
/scratch/yaffs_replica2/guided-random-testing/src/5/8/no_swarm,no_swarm,5939,2880,1719,2880,6980
/scratch/yaffs_replica2/guided-random-testing/src/5/8/half_swarm,half_swarm,5939,2595,1719,2605,6980
/scratch/yaffs_replica2/guided-random-testing/src/5/9/no_swarm,no_swarm,5066,2216,1711,2323,6980
/scratch/yaffs_replica2/guided-random-testing/src/5/9/half_swarm,half_swarm,5066,2008,1711,2257,6980
/scratch/yaffs_replica2/guided-random-testing/src/5/10/no_swarm,no_swarm,5285,2125,1720,2128,6980
/scratch/yaffs_replica2/guided-random-testing/src/5/10/half_swarm,half_swarm,5285,2236,1720,2292,6980
/scratch/yaffs_replica2/guided-random-testing/src/5/11/no_swarm,no_swarm,3372,2220,1595,2296,6980
/scratch/yaffs_replica2/guided-random-testing/src/5/11/half_swarm,half_swarm,3372,2110,1595,2376,6980
/scratch/yaffs_replica2/guided-random-testing/src/5/12/no_swarm,no_swarm,4947,1669,1208,2340,6980
/scratch/yaffs_replica2/guided-random-testing/src/5/12/half_swarm,half_swarm,4947,1363,1208,2359,6980
/scratch/yaffs_replica2/guided-random-testing/src/5/13/no_swarm,no_swarm,4891,2276,1771,2280,6980
/scratch/yaffs_replica2/guided-random-testing/src/5/13/half_swarm,half_swarm,4891,2329,1771,2357,6980
/scratch/yaffs_replica2/guided-random-testing/src/5/14/no_swarm,no_swarm,891,2022,2098,2235,6980
/scratch/yaffs_replica2/guided-random-testing/src/5/14/half_swarm,half_swarm,891,1857,2098,2311,6980
/scratch/yaffs_replica2/guided-random-testing/src/5/15/no_swarm,no_swarm,4731,2271,1782,2275,6980
/scratch/yaffs_replica2/guided-random-testing/src/5/15/half_swarm,half_swarm,4731,2239,1782,2325,6980
/scratch/yaffs_replica2/guided-random-testing/src/5/16/no_swarm,no_swarm,1703,2008,2195,2303,6980
/scratch/yaffs_replica2/guided-random-testing/src/5/16/half_swarm,half_swarm,1703,1845,2195,2341,6980
/scratch/yaffs_replica2/guided-random-testing/src/5/17/no_swarm,no_swarm,5279,2302,1720,2302,6980
/scratch/yaffs_replica2/guided-random-testing/src/5/17/half_swarm,half_swarm,5279,2297,1720,2337,6980
/scratch/yaffs_replica2/guided-random-testing/src/5/18/no_swarm,no_swarm,4940,1582,1208,2300,6980
/scratch/yaffs_replica2/guided-random-testing/src/5/18/half_swarm,half_swarm,4940,1339,1208,2332,6980
/scratch/yaffs_replica2/guided-random-testing/src/5/19/no_swarm,no_swarm,763,2171,2551,2282,6980
/scratch/yaffs_replica2/guided-random-testing/src/5/19/half_swarm,half_swarm,763,2030,2551,2293,6980
/scratch/yaffs_replica2/guided-random-testing/src/5/20/no_swarm,no_swarm,5166,2178,1727,2273,6980
/scratch/yaffs_replica2/guided-random-testing/src/5/20/half_swarm,half_swarm,5166,2144,1727,2371,6980
/scratch/yaffs_replica2/guided-random-testing/src/5/21/no_swarm,no_swarm,1841,2754,1588,2754,6980
/scratch/yaffs_replica2/guided-random-testing/src/5/21/half_swarm,half_swarm,1841,2744,1588,2752,6980
/scratch/yaffs_replica2/guided-random-testing/src/5/22/no_swarm,no_swarm,1696,2001,2195,2277,6980
/scratch/yaffs_replica2/guided-random-testing/src/5/22/half_swarm,half_swarm,1696,1816,2195,2332,6980
/scratch/yaffs_replica2/guided-random-testing/src/5/23/no_swarm,no_swarm,4968,2018,2163,2280,6980
/scratch/yaffs_replica2/guided-random-testing/src/5/23/half_swarm,half_swarm,4968,1805,2163,2309,6980
/scratch/yaffs_replica2/guided-random-testing/src/5/24/no_swarm,no_swarm,5107,2092,1506,2303,6980
/scratch/yaffs_replica2/guided-random-testing/src/5/24/half_swarm,half_swarm,5107,1844,1506,2341,6980
/scratch/yaffs_replica2/guided-random-testing/src/5/25/no_swarm,no_swarm,5274,2286,1720,2286,6980
/scratch/yaffs_replica2/guided-random-testing/src/5/25/half_swarm,half_swarm,5274,2269,1720,2324,6980
/scratch/yaffs_replica2/guided-random-testing/src/5/26/no_swarm,no_swarm,5160,2229,1727,2289,6980
/scratch/yaffs_replica2/guided-random-testing/src/5/26/half_swarm,half_swarm,5160,2136,1727,2366,6980
/scratch/yaffs_replica2/guided-random-testing/src/5/27/no_swarm,no_swarm,1764,1938,2020,2328,6980
/scratch/yaffs_replica2/guided-random-testing/src/5/27/half_swarm,half_swarm,1764,1789,2020,2358,6980
/scratch/yaffs_replica2/guided-random-testing/src/5/28/no_swarm,no_swarm,4510,2066,1662,2271,6980
/scratch/yaffs_replica2/guided-random-testing/src/5/28/half_swarm,half_swarm,4510,1932,1662,2328,6980
/scratch/yaffs_replica2/guided-random-testing/src/5/29/no_swarm,no_swarm,5906,2659,1731,2659,6980
/scratch/yaffs_replica2/guided-random-testing/src/5/29/half_swarm,half_swarm,5906,1897,1731,1985,6980
/scratch/yaffs_replica2/guided-random-testing/src/5/30/no_swarm,no_swarm,1854,1044,466,1781,6980
/scratch/yaffs_replica2/guided-random-testing/src/5/30/half_swarm,half_swarm,1854,667,466,1762,6980
/scratch/yaffs_replica2/guided-random-testing/src/5/31/no_swarm,no_swarm,1729,1520,2195,1757,6980
/scratch/yaffs_replica2/guided-random-testing/src/5/31/half_swarm,half_swarm,1729,1427,2195,1796,6980
/scratch/yaffs_replica2/guided-random-testing/src/5/32/no_swarm,no_swarm,1919,1698,1727,1758,6980
/scratch/yaffs_replica2/guided-random-testing/src/5/32/half_swarm,half_swarm,1919,1693,1727,1862,6980
/scratch/yaffs_replica2/guided-random-testing/src/5/33/no_swarm,no_swarm,1659,1226,1203,1741,6980
/scratch/yaffs_replica2/guided-random-testing/src/5/33/half_swarm,half_swarm,1659,1070,1203,1824,6980
/scratch/yaffs_replica2/guided-random-testing/src/5/34/no_swarm,no_swarm,3478,1965,1899,1991,6980
/scratch/yaffs_replica2/guided-random-testing/src/5/34/half_swarm,half_swarm,3478,1623,1899,1820,6980
/scratch/yaffs_replica2/guided-random-testing/src/5/35/no_swarm,no_swarm,5028,1364,1416,1787,6980
/scratch/yaffs_replica2/guided-random-testing/src/5/35/half_swarm,half_swarm,5028,1218,1416,1783,6980
/scratch/yaffs_replica2/guided-random-testing/src/5/36/no_swarm,no_swarm,1635,1191,1208,1731,6980
/scratch/yaffs_replica2/guided-random-testing/src/5/36/half_swarm,half_swarm,1635,1039,1208,1796,6980
/scratch/yaffs_replica2/guided-random-testing/src/5/37/no_swarm,no_swarm,1673,1517,2195,1759,6980
/scratch/yaffs_replica2/guided-random-testing/src/5/37/half_swarm,half_swarm,1673,1428,2195,1800,6980
/scratch/yaffs_replica2/guided-random-testing/src/5/38/no_swarm,no_swarm,611,1548,1799,1762,6980
/scratch/yaffs_replica2/guided-random-testing/src/5/38/half_swarm,half_swarm,611,1437,1799,1823,6980
/scratch/yaffs_replica2/guided-random-testing/src/5/39/no_swarm,no_swarm,4881,1768,1747,1768,6980
/scratch/yaffs_replica2/guided-random-testing/src/5/39/half_swarm,half_swarm,4881,1752,1747,1794,6980
/scratch/yaffs_replica2/guided-random-testing/src/5/40/no_swarm,no_swarm,5992,2009,1524,2009,6980
/scratch/yaffs_replica2/guided-random-testing/src/5/40/half_swarm,half_swarm,5992,1797,1524,2064,6980
/scratch/yaffs_replica2/guided-random-testing/src/5/41/no_swarm,no_swarm,1855,1042,466,1753,6980
/scratch/yaffs_replica2/guided-random-testing/src/5/41/half_swarm,half_swarm,1855,645,466,1776,6980
/scratch/yaffs_replica2/guided-random-testing/src/5/42/no_swarm,no_swarm,5597,1765,1766,1772,6980
/scratch/yaffs_replica2/guided-random-testing/src/5/42/half_swarm,half_swarm,5597,1782,1766,1823,6980
/scratch/yaffs_replica2/guided-random-testing/src/5/43/no_swarm,no_swarm,896,1617,2098,1820,6980
/scratch/yaffs_replica2/guided-random-testing/src/5/43/half_swarm,half_swarm,896,1512,2098,1869,6980
/scratch/yaffs_replica2/guided-random-testing/src/5/44/no_swarm,no_swarm,898,1671,2098,1849,6980
/scratch/yaffs_replica2/guided-random-testing/src/5/44/half_swarm,half_swarm,898,1511,2098,1840,6980
/scratch/yaffs_replica2/guided-random-testing/src/5/45/no_swarm,no_swarm,794,1698,2551,1830,6980
/scratch/yaffs_replica2/guided-random-testing/src/5/45/half_swarm,half_swarm,794,1653,2551,1851,6980
/scratch/yaffs_replica2/guided-random-testing/src/5/46/no_swarm,no_swarm,4941,1263,1208,1846,6980
/scratch/yaffs_replica2/guided-random-testing/src/5/46/half_swarm,half_swarm,4941,1075,1208,1898,6980
/scratch/yaffs_replica2/guided-random-testing/src/5/47/no_swarm,no_swarm,4802,1377,2402,1723,6980
/scratch/yaffs_replica2/guided-random-testing/src/5/47/half_swarm,half_swarm,4802,1060,2402,1824,6980
/scratch/yaffs_replica2/guided-random-testing/src/5/48/no_swarm,no_swarm,5995,2075,1524,2079,6980
/scratch/yaffs_replica2/guided-random-testing/src/5/48/half_swarm,half_swarm,5995,1883,1524,2150,6980
/scratch/yaffs_replica2/guided-random-testing/src/5/49/no_swarm,no_swarm,4158,1755,1969,1827,6980
/scratch/yaffs_replica2/guided-random-testing/src/5/49/half_swarm,half_swarm,4158,1667,1969,1875,6980
/scratch/yaffs_replica2/guided-random-testing/src/6/0/no_swarm,no_swarm,5935,2912,1682,2912,6705
/scratch/yaffs_replica2/guided-random-testing/src/6/0/half_swarm,half_swarm,5935,2644,1682,2652,6705
/scratch/yaffs_replica2/guided-random-testing/src/6/1/no_swarm,no_swarm,1882,2678,871,2801,6705
/scratch/yaffs_replica2/guided-random-testing/src/6/1/half_swarm,half_swarm,1882,1832,871,2623,6705
/scratch/yaffs_replica2/guided-random-testing/src/6/2/no_swarm,no_swarm,368,1015,658,2137,6705
/scratch/yaffs_replica2/guided-random-testing/src/6/2/half_swarm,half_swarm,368,1005,658,2227,6705
/scratch/yaffs_replica2/guided-random-testing/src/6/3/no_swarm,no_swarm,1409,1822,1686,2283,6705
/scratch/yaffs_replica2/guided-random-testing/src/6/3/half_swarm,half_swarm,1409,1589,1686,2312,6705
/scratch/yaffs_replica2/guided-random-testing/src/6/4/no_swarm,no_swarm,1646,1635,1099,2302,6705
/scratch/yaffs_replica2/guided-random-testing/src/6/4/half_swarm,half_swarm,1646,1332,1099,2374,6705
/scratch/yaffs_replica2/guided-random-testing/src/6/5/no_swarm,no_swarm,4927,2222,2309,2295,6705
/scratch/yaffs_replica2/guided-random-testing/src/6/5/half_swarm,half_swarm,4927,2095,2309,2332,6705
/scratch/yaffs_replica2/guided-random-testing/src/6/6/no_swarm,no_swarm,5068,1801,1332,2277,6705
/scratch/yaffs_replica2/guided-random-testing/src/6/6/half_swarm,half_swarm,5068,1600,1332,2309,6705
/scratch/yaffs_replica2/guided-random-testing/src/6/7/no_swarm,no_swarm,1636,1595,1106,2251,6705
/scratch/yaffs_replica2/guided-random-testing/src/6/7/half_swarm,half_swarm,1636,1360,1106,2338,6705
/scratch/yaffs_replica2/guided-random-testing/src/6/8/no_swarm,no_swarm,3378,2220,1501,2309,6705
/scratch/yaffs_replica2/guided-random-testing/src/6/8/half_swarm,half_swarm,3378,2035,1501,2328,6705
/scratch/yaffs_replica2/guided-random-testing/src/6/9/no_swarm,no_swarm,481,2106,2652,2252,6705
/scratch/yaffs_replica2/guided-random-testing/src/6/9/half_swarm,half_swarm,481,2042,2652,2295,6705
/scratch/yaffs_replica3/guided-random-testing/src/10/0/no_swarm,no_swarm,742,1968,2083,2311,7009
/scratch/yaffs_replica3/guided-random-testing/src/10/0/half_swarm,half_swarm,742,1869,2083,2369,7009
/scratch/yaffs_replica3/guided-random-testing/src/10/1/no_swarm,no_swarm,556,2060,2614,2287,7009
/scratch/yaffs_replica3/guided-random-testing/src/10/1/half_swarm,half_swarm,556,1996,2614,2294,7009
/scratch/yaffs_replica3/guided-random-testing/src/10/2/no_swarm,no_swarm,4956,2230,2424,2306,7009
/scratch/yaffs_replica3/guided-random-testing/src/10/2/half_swarm,half_swarm,4956,2109,2424,2364,7009
/scratch/yaffs_replica3/guided-random-testing/src/10/3/no_swarm,no_swarm,1736,2035,2168,2350,7009
/scratch/yaffs_replica3/guided-random-testing/src/10/3/half_swarm,half_swarm,1736,1904,2168,2366,7009
/scratch/yaffs_replica3/guided-random-testing/src/10/4/no_swarm,no_swarm,4786,1743,2365,2168,7009
/scratch/yaffs_replica3/guided-random-testing/src/10/4/half_swarm,half_swarm,4786,1284,2365,2275,7009
/scratch/yaffs_replica3/guided-random-testing/src/10/5/no_swarm,no_swarm,5851,2860,2369,2860,7009
/scratch/yaffs_replica3/guided-random-testing/src/10/5/half_swarm,half_swarm,5851,2663,2369,2728,7009
/scratch/yaffs_replica3/guided-random-testing/src/10/6/no_swarm,no_swarm,4996,1446,1068,2310,7009
/scratch/yaffs_replica3/guided-random-testing/src/10/6/half_swarm,half_swarm,4996,1244,1068,2359,7009
/scratch/yaffs_replica3/guided-random-testing/src/10/7/no_swarm,no_swarm,1445,2130,2790,2272,7009
/scratch/yaffs_replica3/guided-random-testing/src/10/7/half_swarm,half_swarm,1445,2087,2790,2264,7009
/scratch/yaffs_replica3/guided-random-testing/src/10/8/no_swarm,no_swarm,5994,2668,1399,2668,7009
/scratch/yaffs_replica3/guided-random-testing/src/10/8/half_swarm,half_swarm,5994,2636,1399,2699,7009
/scratch/yaffs_replica3/guided-random-testing/src/10/9/no_swarm,no_swarm,1687,1908,2168,2307,7009
/scratch/yaffs_replica3/guided-random-testing/src/10/9/half_swarm,half_swarm,1687,1784,2168,2192,7009
/scratch/yaffs_replica3/guided-random-testing/src/10/10/no_swarm,no_swarm,536,2041,2790,2149,7009
/scratch/yaffs_replica3/guided-random-testing/src/10/10/half_swarm,half_swarm,536,2059,2790,2263,7009
/scratch/yaffs_replica3/guided-random-testing/src/10/11/no_swarm,no_swarm,5661,2749,1662,2749,7009
/scratch/yaffs_replica3/guided-random-testing/src/10/11/half_swarm,half_swarm,5661,2765,1662,2768,7009
/scratch/yaffs_replica3/guided-random-testing/src/10/12/no_swarm,no_swarm,5079,1748,1391,2331,7009
/scratch/yaffs_replica3/guided-random-testing/src/10/12/half_swarm,half_swarm,5079,1675,1391,2332,7009
/scratch/yaffs_replica3/guided-random-testing/src/10/13/no_swarm,no_swarm,5859,2812,2369,2812,7009
/scratch/yaffs_replica3/guided-random-testing/src/10/13/half_swarm,half_swarm,5859,2625,2369,2679,7009
/scratch/yaffs_replica3/guided-random-testing/src/10/14/no_swarm,no_swarm,5656,2711,1662,2711,7009
/scratch/yaffs_replica3/guided-random-testing/src/10/14/half_swarm,half_swarm,5656,2745,1662,2750,7009
/scratch/yaffs_replica3/guided-random-testing/src/10/15/no_swarm,no_swarm,5026,1926,2134,2264,7009
/scratch/yaffs_replica3/guided-random-testing/src/10/15/half_swarm,half_swarm,5026,1890,2134,2340,7009
/scratch/yaffs_replica3/guided-random-testing/src/10/16/no_swarm,no_swarm,1644,1574,1212,2296,7009
/scratch/yaffs_replica3/guided-random-testing/src/10/16/half_swarm,half_swarm,1644,1393,1212,2285,7009
/scratch/yaffs_replica3/guided-random-testing/src/10/17/no_swarm,no_swarm,480,2155,2790,2281,7009
/scratch/yaffs_replica3/guided-random-testing/src/10/17/half_swarm,half_swarm,480,2053,2790,2259,7009
/scratch/yaffs_replica3/guided-random-testing/src/10/18/no_swarm,no_swarm,5930,2819,1730,2819,7009
/scratch/yaffs_replica3/guided-random-testing/src/10/18/half_swarm,half_swarm,5930,2753,1730,2756,7009
/scratch/yaffs_replica3/guided-random-testing/src/10/19/no_swarm,no_swarm,886,2028,2101,2241,7009
/scratch/yaffs_replica3/guided-random-testing/src/10/19/half_swarm,half_swarm,886,1921,2101,2272,7009
/scratch/yaffs_replica3/guided-random-testing/src/10/20/no_swarm,no_swarm,1840,2741,1637,2741,7009
/scratch/yaffs_replica3/guided-random-testing/src/10/20/half_swarm,half_swarm,1840,2753,1637,2757,7009
/scratch/yaffs_replica3/guided-random-testing/src/10/21/no_swarm,no_swarm,5105,2039,1515,2243,7009
/scratch/yaffs_replica3/guided-random-testing/src/10/21/half_swarm,half_swarm,5105,1774,1515,2340,7009
/scratch/yaffs_replica3/guided-random-testing/src/10/22/no_swarm,no_swarm,3573,2173,2358,2258,7009
/scratch/yaffs_replica3/guided-random-testing/src/10/22/half_swarm,half_swarm,3573,2130,2358,2352,7009
/scratch/yaffs_replica3/guided-random-testing/src/10/23/no_swarm,no_swarm,484,2142,2790,2266,7009
/scratch/yaffs_replica3/guided-random-testing/src/10/23/half_swarm,half_swarm,484,2037,2790,2268,7009
/scratch/yaffs_replica3/guided-random-testing/src/10/24/no_swarm,no_swarm,1760,2118,2168,2291,7009
/scratch/yaffs_replica3/guided-random-testing/src/10/24/half_swarm,half_swarm,1760,1980,2168,2288,7009
/scratch/yaffs_replica3/guided-random-testing/src/10/25/no_swarm,no_swarm,5158,2148,1683,2250,7009
/scratch/yaffs_replica3/guided-random-testing/src/10/25/half_swarm,half_swarm,5158,1991,1683,2319,7009
/scratch/yaffs_replica3/guided-random-testing/src/10/26/no_swarm,no_swarm,4947,1630,1222,2263,7009
/scratch/yaffs_replica3/guided-random-testing/src/10/26/half_swarm,half_swarm,4947,1374,1222,2262,7009
/scratch/yaffs_replica3/guided-random-testing/src/10/27/no_swarm,no_swarm,1664,1555,1222,2281,7009
/scratch/yaffs_replica3/guided-random-testing/src/10/27/half_swarm,half_swarm,1664,1324,1222,2247,7009
/scratch/yaffs_replica3/guided-random-testing/src/10/28/no_swarm,no_swarm,4946,1549,1222,2254,7009
/scratch/yaffs_replica3/guided-random-testing/src/10/28/half_swarm,half_swarm,4946,1325,1222,2232,7009
/scratch/yaffs_replica3/guided-random-testing/src/10/29/no_swarm,no_swarm,3478,2452,1880,2507,7009
/scratch/yaffs_replica3/guided-random-testing/src/10/29/half_swarm,half_swarm,3478,1694,1880,1878,7009
/scratch/yaffs_replica3/guided-random-testing/src/10/30/no_swarm,no_swarm,5180,1733,1683,1822,7009
/scratch/yaffs_replica3/guided-random-testing/src/10/30/half_swarm,half_swarm,5180,1521,1683,1758,7009
/scratch/yaffs_replica3/guided-random-testing/src/10/31/no_swarm,no_swarm,1889,2066,1637,2066,7009
/scratch/yaffs_replica3/guided-random-testing/src/10/31/half_swarm,half_swarm,1889,2030,1637,2039,7009
/scratch/yaffs_replica3/guided-random-testing/src/10/32/no_swarm,no_swarm,1767,1567,2026,1752,7009
/scratch/yaffs_replica3/guided-random-testing/src/10/32/half_swarm,half_swarm,1767,1401,2026,1753,7009
/scratch/yaffs_replica3/guided-random-testing/src/10/33/no_swarm,no_swarm,900,1585,2101,1747,7009
/scratch/yaffs_replica3/guided-random-testing/src/10/33/half_swarm,half_swarm,900,1461,2101,1771,7009
/scratch/yaffs_replica3/guided-random-testing/src/10/34/no_swarm,no_swarm,1653,1207,1221,1719,7009
/scratch/yaffs_replica3/guided-random-testing/src/10/34/half_swarm,half_swarm,1653,1027,1221,1758,7009
/scratch/yaffs_replica3/guided-random-testing/src/10/35/no_swarm,no_swarm,884,1572,2101,1793,7009
/scratch/yaffs_replica3/guided-random-testing/src/10/35/half_swarm,half_swarm,884,1459,2101,1748,7009
/scratch/yaffs_replica3/guided-random-testing/src/10/36/no_swarm,no_swarm,1666,1454,2168,1711,7009
/scratch/yaffs_replica3/guided-random-testing/src/10/36/half_swarm,half_swarm,1666,1441,2168,1800,7009
/scratch/yaffs_replica3/guided-random-testing/src/10/37/no_swarm,no_swarm,5602,1751,1722,1751,7009
/scratch/yaffs_replica3/guided-random-testing/src/10/37/half_swarm,half_swarm,5602,1747,1722,1792,7009
/scratch/yaffs_replica3/guided-random-testing/src/10/38/no_swarm,no_swarm,4975,1559,2134,1779,7009
/scratch/yaffs_replica3/guided-random-testing/src/10/38/half_swarm,half_swarm,4975,1511,2134,1837,7009
/scratch/yaffs_replica3/guided-random-testing/src/10/39/no_swarm,no_swarm,1647,1308,1212,1753,7009
/scratch/yaffs_replica3/guided-random-testing/src/10/39/half_swarm,half_swarm,1647,1069,1212,1735,7009
/scratch/yaffs_replica3/guided-random-testing/src/10/40/no_swarm,no_swarm,4901,1682,2424,1750,7009
/scratch/yaffs_replica3/guided-random-testing/src/10/40/half_swarm,half_swarm,4901,1578,2424,1776,7009
/scratch/yaffs_replica3/guided-random-testing/src/10/41/no_swarm,no_swarm,1783,1698,2351,1733,7009
/scratch/yaffs_replica3/guided-random-testing/src/10/41/half_swarm,half_swarm,1783,1683,2351,1784,7009
/scratch/yaffs_replica3/guided-random-testing/src/10/42/no_swarm,no_swarm,1442,1684,2790,1768,7009
/scratch/yaffs_replica3/guided-random-testing/src/10/42/half_swarm,half_swarm,1442,1611,2790,1770,7009
/scratch/yaffs_replica3/guided-random-testing/src/10/43/no_swarm,no_swarm,795,1734,2512,1821,7009
/scratch/yaffs_replica3/guided-random-testing/src/10/43/half_swarm,half_swarm,795,1662,2512,1850,7009
/scratch/yaffs_replica3/guided-random-testing/src/10/44/no_swarm,no_swarm,1679,1556,2168,1817,7009
/scratch/yaffs_replica3/guided-random-testing/src/10/44/half_swarm,half_swarm,1679,1484,2168,1838,7009
/scratch/yaffs_replica3/guided-random-testing/src/10/45/no_swarm,no_swarm,5089,1813,1733,1824,7009
/scratch/yaffs_replica3/guided-random-testing/src/10/45/half_swarm,half_swarm,5089,1847,1733,1902,7009
/scratch/yaffs_replica3/guided-random-testing/src/10/46/no_swarm,no_swarm,5608,1832,1722,1834,7009
/scratch/yaffs_replica3/guided-random-testing/src/10/46/half_swarm,half_swarm,5608,1838,1722,1876,7009
/scratch/yaffs_replica3/guided-random-testing/src/10/47/no_swarm,no_swarm,1884,2123,886,2165,7009
/scratch/yaffs_replica3/guided-random-testing/src/10/47/half_swarm,half_swarm,1884,1486,886,2065,7009
/scratch/yaffs_replica3/guided-random-testing/src/10/48/no_swarm,no_swarm,893,1683,2168,1798,7009
/scratch/yaffs_replica3/guided-random-testing/src/10/48/half_swarm,half_swarm,893,1600,2168,1850,7009
/scratch/yaffs_replica3/guided-random-testing/src/10/49/no_swarm,no_swarm,897,1611,2101,1813,7009
/scratch/yaffs_replica3/guided-random-testing/src/10/49/half_swarm,half_swarm,897,1558,2101,1852,7009
/scratch/yaffs_replica3/guided-random-testing/src/11/0/no_swarm,no_swarm,4802,1340,2252,2311,6697
/scratch/yaffs_replica3/guided-random-testing/src/11/0/half_swarm,half_swarm,4802,1099,2252,2306,6697
/scratch/yaffs_replica3/guided-random-testing/src/11/1/no_swarm,no_swarm,542,2117,2645,2307,6697
/scratch/yaffs_replica3/guided-random-testing/src/11/1/half_swarm,half_swarm,542,2078,2645,2357,6697
/scratch/yaffs_replica3/guided-random-testing/src/11/2/no_swarm,no_swarm,4561,2359,1687,2359,6697
/scratch/yaffs_replica3/guided-random-testing/src/11/2/half_swarm,half_swarm,4561,2390,1687,2407,6697
/scratch/yaffs_replica3/guided-random-testing/src/11/3/no_swarm,no_swarm,816,492,459,2304,6697
/scratch/yaffs_replica3/guided-random-testing/src/11/3/half_swarm,half_swarm,816,370,459,2311,6697
/scratch/yaffs_replica3/guided-random-testing/src/11/4/no_swarm,no_swarm,4949,1678,1133,2321,6697
/scratch/yaffs_replica3/guided-random-testing/src/11/4/half_swarm,half_swarm,4949,1418,1133,2298,6697
/scratch/yaffs_replica3/guided-random-testing/src/11/5/no_swarm,no_swarm,603,2153,1992,2309,6697
/scratch/yaffs_replica3/guided-random-testing/src/11/5/half_swarm,half_swarm,603,2070,1992,2340,6697
/scratch/yaffs_replica3/guided-random-testing/src/11/6/no_swarm,no_swarm,898,2100,1934,2294,6697
/scratch/yaffs_replica3/guided-random-testing/src/11/6/half_swarm,half_swarm,898,1941,1934,2298,6697
/scratch/yaffs_replica3/guided-random-testing/src/11/7/no_swarm,no_swarm,545,2099,2645,2262,6697
/scratch/yaffs_replica3/guided-random-testing/src/11/7/half_swarm,half_swarm,545,2076,2645,2326,6697
/scratch/yaffs_replica3/guided-random-testing/src/11/8/no_swarm,no_swarm,5057,2169,1551,2269,6697
/scratch/yaffs_replica3/guided-random-testing/src/11/8/half_swarm,half_swarm,5057,2069,1551,2327,6697
/scratch/yaffs_replica3/guided-random-testing/src/11/9/no_swarm,no_swarm,5083,1729,1338,2263,6697
/scratch/yaffs_replica3/guided-random-testing/src/11/9/half_swarm,half_swarm,5083,1625,1338,2354,6697
/scratch/yaffs_replica3/guided-random-testing/src/11/10/no_swarm,no_swarm,4969,1928,2090,2261,6697
/scratch/yaffs_replica3/guided-random-testing/src/11/10/half_swarm,half_swarm,4969,2097,2090,2583,6697
/scratch/yaffs_replica3/guided-random-testing/src/11/11/no_swarm,no_swarm,1702,2137,2119,2502,6697
/scratch/yaffs_replica3/guided-random-testing/src/11/11/half_swarm,half_swarm,1702,2065,2119,2577,6697
/scratch/yaffs_replica3/guided-random-testing/src/11/12/no_swarm,no_swarm,3840,1975,1735,2475,6697
/scratch/yaffs_replica3/guided-random-testing/src/11/12/half_swarm,half_swarm,3840,1786,1735,2442,6697
/scratch/yaffs_replica3/guided-random-testing/src/11/13/no_swarm,no_swarm,1910,2362,1587,2467,6697
/scratch/yaffs_replica3/guided-random-testing/src/11/13/half_swarm,half_swarm,1910,2300,1587,2570,6697
/scratch/yaffs_replica3/guided-random-testing/src/11/14/no_swarm,no_swarm,5853,3120,2283,3120,6697
/scratch/yaffs_replica3/guided-random-testing/src/11/14/half_swarm,half_swarm,5853,2832,2283,2901,6697
/scratch/yaffs_replica3/guided-random-testing/src/11/15/no_swarm,no_swarm,1818,2145,661,2493,6697
/scratch/yaffs_replica3/guided-random-testing/src/11/15/half_swarm,half_swarm,1818,1488,661,2564,6697
/scratch/yaffs_replica3/guided-random-testing/src/11/16/no_swarm,no_swarm,599,2294,2368,2500,6697
/scratch/yaffs_replica3/guided-random-testing/src/11/16/half_swarm,half_swarm,599,2170,2368,2500,6697
/scratch/yaffs_replica3/guided-random-testing/src/11/17/no_swarm,no_swarm,3367,1689,960,2274,6697
/scratch/yaffs_replica3/guided-random-testing/src/11/17/half_swarm,half_swarm,3367,1538,960,2335,6697
/scratch/yaffs_replica3/guided-random-testing/src/11/18/no_swarm,no_swarm,1838,2346,2658,2351,6697
/scratch/yaffs_replica3/guided-random-testing/src/11/18/half_swarm,half_swarm,1838,2279,2658,2372,6697
/scratch/yaffs_replica3/guided-random-testing/src/11/19/no_swarm,no_swarm,5867,2572,1214,2779,6697
/scratch/yaffs_replica3/guided-random-testing/src/11/19/half_swarm,half_swarm,5867,1586,1214,2581,6697
/scratch/yaffs_replica3/guided-random-testing/src/11/20/no_swarm,no_swarm,5091,2257,1645,2257,6697
/scratch/yaffs_replica3/guided-random-testing/src/11/20/half_swarm,half_swarm,5091,2299,1645,2347,6697
/scratch/yaffs_replica3/guided-random-testing/src/11/21/no_swarm,no_swarm,1785,2100,1993,2256,6697
/scratch/yaffs_replica3/guided-random-testing/src/11/21/half_swarm,half_swarm,1785,2030,1993,2294,6697
/scratch/yaffs_replica3/guided-random-testing/src/11/22/no_swarm,no_swarm,5087,2277,1645,2277,6697
/scratch/yaffs_replica3/guided-random-testing/src/11/22/half_swarm,half_swarm,5087,2338,1645,2379,6697
/scratch/yaffs_replica3/guided-random-testing/src/11/23/no_swarm,no_swarm,369,990,722,2152,6697
/scratch/yaffs_replica3/guided-random-testing/src/11/23/half_swarm,half_swarm,369,972,722,2245,6697
/scratch/yaffs_replica3/guided-random-testing/src/11/24/no_swarm,no_swarm,4887,2324,1687,2324,6697
/scratch/yaffs_replica3/guided-random-testing/src/11/24/half_swarm,half_swarm,4887,2337,1687,2359,6697
/scratch/yaffs_replica3/guided-random-testing/src/11/25/no_swarm,no_swarm,801,2143,2397,2290,6697
/scratch/yaffs_replica3/guided-random-testing/src/11/25/half_swarm,half_swarm,801,2068,2397,2286,6697
/scratch/yaffs_replica3/guided-random-testing/src/11/26/no_swarm,no_swarm,3373,2105,1536,2179,6697
/scratch/yaffs_replica3/guided-random-testing/src/11/26/half_swarm,half_swarm,3373,2072,1536,2339,6697
/scratch/yaffs_replica3/guided-random-testing/src/11/27/no_swarm,no_swarm,5607,2311,1648,2311,6697
/scratch/yaffs_replica3/guided-random-testing/src/11/27/half_swarm,half_swarm,5607,2265,1648,2324,6697
/scratch/yaffs_replica3/guided-random-testing/src/11/28/no_swarm,no_swarm,1694,1978,2119,2280,6697
/scratch/yaffs_replica3/guided-random-testing/src/11/28/half_swarm,half_swarm,1694,1851,2119,2294,6697
/scratch/yaffs_replica3/guided-random-testing/src/11/29/no_swarm,no_swarm,5030,1887,2090,2256,6697
/scratch/yaffs_replica3/guided-random-testing/src/11/29/half_swarm,half_swarm,5030,1765,2090,2257,6697
/scratch/yaffs_replica3/guided-random-testing/src/11/30/no_swarm,no_swarm,1436,1000,807,2202,6697
/scratch/yaffs_replica3/guided-random-testing/src/11/30/half_swarm,half_swarm,1436,841,807,2293,6697
/scratch/yaffs_replica3/guided-random-testing/src/11/31/no_swarm,no_swarm,5595,2090,1648,2090,6697
/scratch/yaffs_replica3/guided-random-testing/src/11/31/half_swarm,half_swarm,5595,2268,1648,2328,6697
/scratch/yaffs_replica3/guided-random-testing/src/11/32/no_swarm,no_swarm,5930,2904,1681,2904,6697
/scratch/yaffs_replica3/guided-random-testing/src/11/32/half_swarm,half_swarm,5930,2770,1681,2783,6697
/scratch/yaffs_replica3/guided-random-testing/src/11/33/no_swarm,no_swarm,905,1928,1160,2507,6697
/scratch/yaffs_replica3/guided-random-testing/src/11/33/half_swarm,half_swarm,905,1802,1160,2407,6697
/scratch/yaffs_replica3/guided-random-testing/src/11/34/no_swarm,no_swarm,4810,1344,2252,2409,6697
/scratch/yaffs_replica3/guided-random-testing/src/11/34/half_swarm,half_swarm,4810,1199,2252,2490,6697
/scratch/yaffs_replica3/guided-random-testing/src/11/35/no_swarm,no_swarm,1769,2276,1993,2431,6697
/scratch/yaffs_replica3/guided-random-testing/src/11/35/half_swarm,half_swarm,1769,2240,1993,2519,6697
/scratch/yaffs_replica3/guided-random-testing/src/11/36/no_swarm,no_swarm,1923,2364,1587,2441,6697
/scratch/yaffs_replica3/guided-random-testing/src/11/36/half_swarm,half_swarm,1923,2290,1587,2536,6697
/scratch/yaffs_replica3/guided-random-testing/src/11/37/no_swarm,no_swarm,3384,2408,1536,2485,6697
/scratch/yaffs_replica3/guided-random-testing/src/11/37/half_swarm,half_swarm,3384,2282,1536,2606,6697
/scratch/yaffs_replica3/guided-random-testing/src/11/38/no_swarm,no_swarm,598,2357,2368,2556,6697
/scratch/yaffs_replica3/guided-random-testing/src/11/38/half_swarm,half_swarm,598,2256,2368,2588,6697
/scratch/yaffs_replica3/guided-random-testing/src/11/39/no_swarm,no_swarm,5070,2004,1338,2514,6697
/scratch/yaffs_replica3/guided-random-testing/src/11/39/half_swarm,half_swarm,5070,1757,1338,2540,6697
/scratch/yaffs_replica3/guided-random-testing/src/11/40/no_swarm,no_swarm,1710,2113,2119,2411,6697
/scratch/yaffs_replica3/guided-random-testing/src/11/40/half_swarm,half_swarm,1710,2004,2119,2463,6697
/scratch/yaffs_replica3/guided-random-testing/src/11/41/no_swarm,no_swarm,4923,2313,2272,2391,6697
/scratch/yaffs_replica3/guided-random-testing/src/11/41/half_swarm,half_swarm,4923,2199,2272,2473,6697
/scratch/yaffs_replica3/guided-random-testing/src/11/42/no_swarm,no_swarm,3573,2295,2224,2435,6697
/scratch/yaffs_replica3/guided-random-testing/src/11/42/half_swarm,half_swarm,3573,2306,2224,2541,6697
/scratch/yaffs_replica3/guided-random-testing/src/11/43/no_swarm,no_swarm,4929,2276,2170,2413,6697
/scratch/yaffs_replica3/guided-random-testing/src/11/43/half_swarm,half_swarm,4929,2093,2170,2472,6697
/scratch/yaffs_replica3/guided-random-testing/src/11/44/no_swarm,no_swarm,4957,2392,2272,2510,6697
/scratch/yaffs_replica3/guided-random-testing/src/11/44/half_swarm,half_swarm,4957,2317,2272,2574,6697
/scratch/yaffs_replica3/guided-random-testing/src/11/45/no_swarm,no_swarm,803,2413,2397,2540,6697
/scratch/yaffs_replica3/guided-random-testing/src/11/45/half_swarm,half_swarm,803,2326,2397,2582,6697
/scratch/yaffs_replica3/guided-random-testing/src/11/46/no_swarm,no_swarm,1651,1798,1133,2544,6697
/scratch/yaffs_replica3/guided-random-testing/src/11/46/half_swarm,half_swarm,1651,1489,1133,2478,6697
/scratch/yaffs_replica3/guided-random-testing/src/11/47/no_swarm,no_swarm,5908,3199,1644,3199,6697
/scratch/yaffs_replica3/guided-random-testing/src/11/47/half_swarm,half_swarm,5908,2797,1644,2942,6697
/scratch/yaffs_replica3/guided-random-testing/src/11/48/no_swarm,no_swarm,467,2480,1833,2528,6697
/scratch/yaffs_replica3/guided-random-testing/src/11/48/half_swarm,half_swarm,467,2270,1833,2524,6697
/scratch/yaffs_replica3/guided-random-testing/src/11/49/no_swarm,no_swarm,4817,924,1386,2495,6697
/scratch/yaffs_replica3/guided-random-testing/src/11/49/half_swarm,half_swarm,4817,679,1386,2560,6697
/scratch/yaffs_replica3/guided-random-testing/src/12/0/no_swarm,no_swarm,4882,2480,1931,2480,7819
/scratch/yaffs_replica3/guided-random-testing/src/12/0/half_swarm,half_swarm,4882,2533,1931,2584,7819
/scratch/yaffs_replica3/guided-random-testing/src/12/1/no_swarm,no_swarm,5048,2321,1842,2482,7819
/scratch/yaffs_replica3/guided-random-testing/src/12/1/half_swarm,half_swarm,5048,2292,1842,2575,7819
/scratch/yaffs_replica3/guided-random-testing/src/12/2/no_swarm,no_swarm,1786,2427,2788,2466,7819
/scratch/yaffs_replica3/guided-random-testing/src/12/2/half_swarm,half_swarm,1786,2426,2788,2507,7819
/scratch/yaffs_replica3/guided-random-testing/src/12/3/no_swarm,no_swarm,1681,1703,1754,2459,7819
/scratch/yaffs_replica3/guided-random-testing/src/12/3/half_swarm,half_swarm,1681,1495,1754,2511,7819
/scratch/yaffs_replica3/guided-random-testing/src/12/4/no_swarm,no_swarm,1910,2458,1953,2536,7819
/scratch/yaffs_replica3/guided-random-testing/src/12/4/half_swarm,half_swarm,1910,2330,1953,2580,7819
/scratch/yaffs_replica3/guided-random-testing/src/12/5/no_swarm,no_swarm,1702,2145,2502,2449,7819
/scratch/yaffs_replica3/guided-random-testing/src/12/5/half_swarm,half_swarm,1702,1974,2502,2474,7819
/scratch/yaffs_replica3/guided-random-testing/src/12/6/no_swarm,no_swarm,4946,1611,1283,2336,7819
/scratch/yaffs_replica3/guided-random-testing/src/12/6/half_swarm,half_swarm,4946,1425,1283,2322,7819
/scratch/yaffs_replica3/guided-random-testing/src/12/7/no_swarm,no_swarm,4906,2380,2746,2469,7819
/scratch/yaffs_replica3/guided-random-testing/src/12/7/half_swarm,half_swarm,4906,2252,2746,2520,7819
/scratch/yaffs_replica3/guided-random-testing/src/12/8/no_swarm,no_swarm,4554,2380,2052,2380,7819
/scratch/yaffs_replica3/guided-random-testing/src/12/8/half_swarm,half_swarm,4554,2480,2052,2510,7819
/scratch/yaffs_replica3/guided-random-testing/src/12/9/no_swarm,no_swarm,4901,2262,2746,2382,7819
/scratch/yaffs_replica3/guided-random-testing/src/12/9/half_swarm,half_swarm,4901,2202,2746,2473,7819
/scratch/yaffs_replica3/guided-random-testing/src/12/10/no_swarm,no_swarm,5857,2853,1826,2910,7819
/scratch/yaffs_replica3/guided-random-testing/src/12/10/half_swarm,half_swarm,5857,2688,1826,2909,7819
/scratch/yaffs_replica3/guided-random-testing/src/12/11/no_swarm,no_swarm,5179,2293,1953,2419,7819
/scratch/yaffs_replica3/guided-random-testing/src/12/11/half_swarm,half_swarm,5179,2203,1953,2437,7819
/scratch/yaffs_replica3/guided-random-testing/src/12/12/no_swarm,no_swarm,5107,2134,1718,2378,7819
/scratch/yaffs_replica3/guided-random-testing/src/12/12/half_swarm,half_swarm,5107,1704,1718,2260,7819
/scratch/yaffs_replica3/guided-random-testing/src/12/13/no_swarm,no_swarm,527,2189,3060,2246,7819
/scratch/yaffs_replica3/guided-random-testing/src/12/13/half_swarm,half_swarm,527,2074,3060,2289,7819
/scratch/yaffs_replica3/guided-random-testing/src/12/14/no_swarm,no_swarm,883,1937,2293,2212,7819
/scratch/yaffs_replica3/guided-random-testing/src/12/14/half_swarm,half_swarm,883,1892,2293,2232,7819
/scratch/yaffs_replica3/guided-random-testing/src/12/15/no_swarm,no_swarm,5215,2157,1953,2220,7819
/scratch/yaffs_replica3/guided-random-testing/src/12/15/half_swarm,half_swarm,5215,2141,1953,2347,7819
/scratch/yaffs_replica3/guided-random-testing/src/12/16/no_swarm,no_swarm,4924,2033,1772,2225,7819
/scratch/yaffs_replica3/guided-random-testing/src/12/16/half_swarm,half_swarm,4924,1870,1772,2295,7819
/scratch/yaffs_replica3/guided-random-testing/src/12/17/no_swarm,no_swarm,1631,1597,1283,2275,7819
/scratch/yaffs_replica3/guided-random-testing/src/12/17/half_swarm,half_swarm,1631,1338,1283,2254,7819
/scratch/yaffs_replica3/guided-random-testing/src/12/18/no_swarm,no_swarm,5936,2838,1960,2838,7819
/scratch/yaffs_replica3/guided-random-testing/src/12/18/half_swarm,half_swarm,5936,2550,1960,2563,7819
/scratch/yaffs_replica3/guided-random-testing/src/12/19/no_swarm,no_swarm,5019,1966,2475,2282,7819
/scratch/yaffs_replica3/guided-random-testing/src/12/19/half_swarm,half_swarm,5019,1835,2475,2282,7819
/scratch/yaffs_replica3/guided-random-testing/src/12/20/no_swarm,no_swarm,1820,1834,764,2187,7819
/scratch/yaffs_replica3/guided-random-testing/src/12/20/half_swarm,half_swarm,1820,1602,764,2376,7819
/scratch/yaffs_replica3/guided-random-testing/src/12/21/no_swarm,no_swarm,889,1958,1799,2335,7819
/scratch/yaffs_replica3/guided-random-testing/src/12/21/half_swarm,half_swarm,889,1841,1799,2418,7819
/scratch/yaffs_replica3/guided-random-testing/src/12/22/no_swarm,no_swarm,1639,1733,1283,2436,7819
/scratch/yaffs_replica3/guided-random-testing/src/12/22/half_swarm,half_swarm,1639,1447,1283,2443,7819
/scratch/yaffs_replica3/guided-random-testing/src/12/23/no_swarm,no_swarm,4508,2294,1944,2501,7819
/scratch/yaffs_replica3/guided-random-testing/src/12/23/half_swarm,half_swarm,4508,2121,1944,2572,7819
/scratch/yaffs_replica3/guided-random-testing/src/12/24/no_swarm,no_swarm,4878,2516,2981,2516,7819
/scratch/yaffs_replica3/guided-random-testing/src/12/24/half_swarm,half_swarm,4878,2548,2981,2563,7819
/scratch/yaffs_replica3/guided-random-testing/src/12/25/no_swarm,no_swarm,1797,1050,593,2481,7819
/scratch/yaffs_replica3/guided-random-testing/src/12/25/half_swarm,half_swarm,1797,850,593,2493,7819
/scratch/yaffs_replica3/guided-random-testing/src/12/26/no_swarm,no_swarm,5992,2958,1563,2958,7819
/scratch/yaffs_replica3/guided-random-testing/src/12/26/half_swarm,half_swarm,5992,2817,1563,3005,7819
/scratch/yaffs_replica3/guided-random-testing/src/12/27/no_swarm,no_swarm,4975,2172,2475,2489,7819
/scratch/yaffs_replica3/guided-random-testing/src/12/27/half_swarm,half_swarm,4975,1956,2475,2514,7819
/scratch/yaffs_replica3/guided-random-testing/src/12/28/no_swarm,no_swarm,602,2342,2370,2484,7819
/scratch/yaffs_replica3/guided-random-testing/src/12/28/half_swarm,half_swarm,602,2189,2370,2475,7819
/scratch/yaffs_replica3/guided-random-testing/src/12/29/no_swarm,no_swarm,5939,3131,1960,3131,7819
/scratch/yaffs_replica3/guided-random-testing/src/12/29/half_swarm,half_swarm,5939,2847,1960,2855,7819
/scratch/yaffs_replica3/guided-random-testing/src/12/30/no_swarm,no_swarm,4898,2363,2746,2488,7819
/scratch/yaffs_replica3/guided-random-testing/src/12/30/half_swarm,half_swarm,4898,2318,2746,2574,7819
/scratch/yaffs_replica3/guided-random-testing/src/12/31/no_swarm,no_swarm,903,2160,2156,2480,7819
/scratch/yaffs_replica3/guided-random-testing/src/12/31/half_swarm,half_swarm,903,1957,2156,2480,7819
/scratch/yaffs_replica3/guided-random-testing/src/12/32/no_swarm,no_swarm,5907,3111,1992,3111,7819
/scratch/yaffs_replica3/guided-random-testing/src/12/32/half_swarm,half_swarm,5907,2758,1992,2852,7819
/scratch/yaffs_replica3/guided-random-testing/src/12/33/no_swarm,no_swarm,1850,3068,1496,3068,7819
/scratch/yaffs_replica3/guided-random-testing/src/12/33/half_swarm,half_swarm,1850,3005,1496,3035,7819
/scratch/yaffs_replica3/guided-random-testing/src/12/34/no_swarm,no_swarm,873,2223,2293,2449,7819
/scratch/yaffs_replica3/guided-random-testing/src/12/34/half_swarm,half_swarm,873,2091,2293,2477,7819
/scratch/yaffs_replica3/guided-random-testing/src/12/35/no_swarm,no_swarm,5906,3143,1992,3143,7819
/scratch/yaffs_replica3/guided-random-testing/src/12/35/half_swarm,half_swarm,5906,2717,1992,2838,7819
/scratch/yaffs_replica3/guided-random-testing/src/12/36/no_swarm,no_swarm,3223,2888,2158,2933,7819
/scratch/yaffs_replica3/guided-random-testing/src/12/36/half_swarm,half_swarm,3223,2412,2158,2638,7819
/scratch/yaffs_replica3/guided-random-testing/src/12/37/no_swarm,no_swarm,1728,2081,2480,2491,7819
/scratch/yaffs_replica3/guided-random-testing/src/12/37/half_swarm,half_swarm,1728,1981,2480,2513,7819
/scratch/yaffs_replica3/guided-random-testing/src/12/38/no_swarm,no_swarm,5326,2287,1927,2287,7819
/scratch/yaffs_replica3/guided-random-testing/src/12/38/half_swarm,half_swarm,5326,2318,1927,2360,7819
/scratch/yaffs_replica3/guided-random-testing/src/12/39/no_swarm,no_swarm,3375,2176,1765,2280,7819
/scratch/yaffs_replica3/guided-random-testing/src/12/39/half_swarm,half_swarm,3375,2048,1765,2347,7819
/scratch/yaffs_replica3/guided-random-testing/src/12/40/no_swarm,no_swarm,5096,2224,1958,2224,7819
/scratch/yaffs_replica4/guided-random-testing/src/15/0/no_swarm,no_swarm,758,908,630,2319,6988
/scratch/yaffs_replica4/guided-random-testing/src/15/0/half_swarm,half_swarm,758,750,630,2375,6988
/scratch/yaffs_replica4/guided-random-testing/src/15/1/no_swarm,no_swarm,1727,1950,2216,2286,6988
/scratch/yaffs_replica4/guided-random-testing/src/15/1/half_swarm,half_swarm,1727,1819,2216,2317,6988
/scratch/yaffs_replica4/guided-random-testing/src/15/2/no_swarm,no_swarm,814,2005,2216,2303,6988
/scratch/yaffs_replica4/guided-random-testing/src/15/2/half_swarm,half_swarm,814,1861,2216,2304,6988
/scratch/yaffs_replica4/guided-random-testing/src/15/3/no_swarm,no_swarm,5019,2035,2209,2298,6988
/scratch/yaffs_replica4/guided-random-testing/src/15/3/half_swarm,half_swarm,5019,1871,2209,2301,6988
/scratch/yaffs_replica4/guided-random-testing/src/15/4/no_swarm,no_swarm,4924,2095,1576,2295,6988
/scratch/yaffs_replica4/guided-random-testing/src/15/4/half_swarm,half_swarm,4924,1906,1576,2364,6988
/scratch/yaffs_replica4/guided-random-testing/src/15/5/no_swarm,no_swarm,4989,2003,2209,2276,6988
/scratch/yaffs_replica4/guided-random-testing/src/15/5/half_swarm,half_swarm,4989,1838,2209,2286,6988
/scratch/yaffs_replica4/guided-random-testing/src/15/6/no_swarm,no_swarm,5179,2263,1693,2342,6988
/scratch/yaffs_replica4/guided-random-testing/src/15/6/half_swarm,half_swarm,5179,2000,1693,2301,6988
/scratch/yaffs_replica4/guided-random-testing/src/15/7/no_swarm,no_swarm,878,2006,2145,2269,6988
/scratch/yaffs_replica4/guided-random-testing/src/15/7/half_swarm,half_swarm,878,1891,2145,2322,6988
/scratch/yaffs_replica4/guided-random-testing/src/15/8/no_swarm,no_swarm,5282,2229,1792,2233,6988
/scratch/yaffs_replica4/guided-random-testing/src/15/8/half_swarm,half_swarm,5282,2278,1792,2340,6988
/scratch/yaffs_replica4/guided-random-testing/src/15/9/no_swarm,no_swarm,5935,2883,1761,2883,6988
/scratch/yaffs_replica4/guided-random-testing/src/15/9/half_swarm,half_swarm,5935,2502,1761,2513,6988
/scratch/yaffs_replica4/guided-random-testing/src/15/10/no_swarm,no_swarm,5154,2149,1693,2225,6988
/scratch/yaffs_replica4/guided-random-testing/src/15/10/half_swarm,half_swarm,5154,2010,1693,2263,6988
/scratch/yaffs_replica4/guided-random-testing/src/15/11/no_swarm,no_swarm,4929,2175,2313,2310,6988
/scratch/yaffs_replica4/guided-random-testing/src/15/11/half_swarm,half_swarm,4929,2013,2313,2347,6988
/scratch/yaffs_replica4/guided-random-testing/src/15/12/no_swarm,no_swarm,552,2122,2881,2300,6988
/scratch/yaffs_replica4/guided-random-testing/src/15/12/half_swarm,half_swarm,552,2033,2881,2288,6988
/scratch/yaffs_replica4/guided-random-testing/src/15/13/no_swarm,no_swarm,1799,1613,1354,2251,6988
/scratch/yaffs_replica4/guided-random-testing/src/15/13/half_swarm,half_swarm,1799,1527,1354,2275,6988
/scratch/yaffs_replica4/guided-random-testing/src/15/14/no_swarm,no_swarm,5089,2219,1791,2219,6988
/scratch/yaffs_replica4/guided-random-testing/src/15/14/half_swarm,half_swarm,5089,2273,1791,2337,6988
/scratch/yaffs_replica4/guided-random-testing/src/15/15/no_swarm,no_swarm,1832,1880,645,2255,6988
/scratch/yaffs_replica4/guided-random-testing/src/15/15/half_swarm,half_swarm,1832,1424,645,2313,6988
/scratch/yaffs_replica4/guided-random-testing/src/15/16/no_swarm,no_swarm,1701,1959,2239,2287,6988
/scratch/yaffs_replica4/guided-random-testing/src/15/16/half_swarm,half_swarm,1701,1897,2239,2282,6988
/scratch/yaffs_replica4/guided-random-testing/src/15/17/no_swarm,no_swarm,5925,2827,1691,2827,6988
/scratch/yaffs_replica4/guided-random-testing/src/15/17/half_swarm,half_swarm,5925,2532,1691,2606,6988
/scratch/yaffs_replica4/guided-random-testing/src/15/18/no_swarm,no_swarm,4510,2065,1633,2253,6988
/scratch/yaffs_replica4/guided-random-testing/src/15/18/half_swarm,half_swarm,4510,1996,1633,2341,6988
/scratch/yaffs_replica4/guided-random-testing/src/15/19/no_swarm,no_swarm,598,2108,2531,2231,6988
/scratch/yaffs_replica4/guided-random-testing/src/15/19/half_swarm,half_swarm,598,1980,2531,2277,6988
/scratch/yaffs_replica4/guided-random-testing/src/15/20/no_swarm,no_swarm,1732,1980,2239,2266,6988
/scratch/yaffs_replica4/guided-random-testing/src/15/20/half_swarm,half_swarm,1732,1826,2239,2261,6988
/scratch/yaffs_replica4/guided-random-testing/src/15/21/no_swarm,no_swarm,5858,2763,2105,2763,6988
/scratch/yaffs_replica4/guided-random-testing/src/15/21/half_swarm,half_swarm,5858,2434,2105,2630,6988
/scratch/yaffs_replica4/guided-random-testing/src/15/22/no_swarm,no_swarm,4440,2641,1901,2698,6988
/scratch/yaffs_replica4/guided-random-testing/src/15/22/half_swarm,half_swarm,4440,2347,1901,2508,6988
/scratch/yaffs_replica4/guided-random-testing/src/15/23/no_swarm,no_swarm,2332,1170,927,2277,6988
/scratch/yaffs_replica4/guided-random-testing/src/15/23/half_swarm,half_swarm,2332,963,927,2362,6988
/scratch/yaffs_replica4/guided-random-testing/src/15/24/no_swarm,no_swarm,3545,2175,2448,2267,6988
/scratch/yaffs_replica4/guided-random-testing/src/15/24/half_swarm,half_swarm,3545,2056,2448,2331,6988
/scratch/yaffs_replica4/guided-random-testing/src/15/25/no_swarm,no_swarm,4958,1999,1559,2203,6988
/scratch/yaffs_replica4/guided-random-testing/src/15/25/half_swarm,half_swarm,4958,1908,1559,2332,6988
/scratch/yaffs_replica4/guided-random-testing/src/15/26/no_swarm,no_swarm,3382,2172,1581,2250,6988
/scratch/yaffs_replica4/guided-random-testing/src/15/26/half_swarm,half_swarm,3382,2090,1581,2346,6988
/scratch/yaffs_replica4/guided-random-testing/src/15/27/no_swarm,no_swarm,4949,1555,1212,2256,6988
/scratch/yaffs_replica4/guided-random-testing/src/15/27/half_swarm,half_swarm,4949,1405,1212,2286,6988
/scratch/yaffs_replica4/guided-random-testing/src/15/28/no_swarm,no_swarm,5853,2797,2351,2797,6988
/scratch/yaffs_replica4/guided-random-testing/src/15/28/half_swarm,half_swarm,5853,2592,2351,2659,6988
/scratch/yaffs_replica4/guided-random-testing/src/15/29/no_swarm,no_swarm,1632,1449,1212,2010,6988
/scratch/yaffs_replica4/guided-random-testing/src/15/29/half_swarm,half_swarm,1632,1030,1212,1786,6988
/scratch/yaffs_replica4/guided-random-testing/src/15/30/no_swarm,no_swarm,4818,850,1962,1765,6988
/scratch/yaffs_replica4/guided-random-testing/src/15/30/half_swarm,half_swarm,4818,620,1962,1723,6988
/scratch/yaffs_replica4/guided-random-testing/src/15/31/no_swarm,no_swarm,5027,1401,1390,1731,6988
/scratch/yaffs_replica4/guided-random-testing/src/15/31/half_swarm,half_swarm,5027,1252,1390,1787,6988
/scratch/yaffs_replica4/guided-random-testing/src/15/32/no_swarm,no_swarm,1817,1507,658,1748,6988
/scratch/yaffs_replica4/guided-random-testing/src/15/32/half_swarm,half_swarm,1817,1179,658,1806,6988
/scratch/yaffs_replica4/guided-random-testing/src/15/33/no_swarm,no_swarm,526,1618,2639,1737,6988
/scratch/yaffs_replica4/guided-random-testing/src/15/33/half_swarm,half_swarm,526,1550,2639,1766,6988
/scratch/yaffs_replica4/guided-random-testing/src/15/34/no_swarm,no_swarm,1908,1701,1693,1742,6988
/scratch/yaffs_replica4/guided-random-testing/src/15/34/half_swarm,half_swarm,1908,1551,1693,1756,6988
/scratch/yaffs_replica4/guided-random-testing/src/15/35/no_swarm,no_swarm,4895,1758,1724,1760,6988
/scratch/yaffs_replica4/guided-random-testing/src/15/35/half_swarm,half_swarm,4895,1793,1724,1804,6988
/scratch/yaffs_replica4/guided-random-testing/src/15/36/no_swarm,no_swarm,1636,1191,1212,1705,6988
/scratch/yaffs_replica4/guided-random-testing/src/15/36/half_swarm,half_swarm,1636,1076,1212,1765,6988
/scratch/yaffs_replica4/guided-random-testing/src/15/37/no_swarm,no_swarm,1931,1687,1693,1742,6988
/scratch/yaffs_replica4/guided-random-testing/src/15/37/half_swarm,half_swarm,1931,1585,1693,1793,6988
/scratch/yaffs_replica4/guided-random-testing/src/15/38/no_swarm,no_swarm,4795,692,1246,1632,6988
/scratch/yaffs_replica4/guided-random-testing/src/15/38/half_swarm,half_swarm,4795,523,1246,1748,6988
/scratch/yaffs_replica4/guided-random-testing/src/15/39/no_swarm,no_swarm,897,1561,2145,1756,6988
/scratch/yaffs_replica4/guided-random-testing/src/15/39/half_swarm,half_swarm,897,1430,2145,1736,6988
/scratch/yaffs_replica4/guided-random-testing/src/15/40/no_swarm,no_swarm,5977,1983,1442,1983,6988
/scratch/yaffs_replica4/guided-random-testing/src/15/40/half_swarm,half_swarm,5977,1857,1442,2026,6988
/scratch/yaffs_replica4/guided-random-testing/src/15/41/no_swarm,no_swarm,1659,1245,1210,1744,6988
/scratch/yaffs_replica4/guided-random-testing/src/15/41/half_swarm,half_swarm,1659,1042,1210,1746,6988
/scratch/yaffs_replica4/guided-random-testing/src/15/42/no_swarm,no_swarm,5608,1770,1780,1770,6988
/scratch/yaffs_replica4/guided-random-testing/src/15/42/half_swarm,half_swarm,5608,1766,1780,1806,6988
/scratch/yaffs_replica4/guided-random-testing/src/15/43/no_swarm,no_swarm,4887,1806,1724,1806,6988
/scratch/yaffs_replica4/guided-random-testing/src/15/43/half_swarm,half_swarm,4887,1840,1724,1859,6988
/scratch/yaffs_replica4/guided-random-testing/src/15/44/no_swarm,no_swarm,4913,1725,2423,1820,6988
/scratch/yaffs_replica4/guided-random-testing/src/15/44/half_swarm,half_swarm,4913,1698,2423,1858,6988
/scratch/yaffs_replica4/guided-random-testing/src/15/45/no_swarm,no_swarm,882,1601,2145,1821,6988
/scratch/yaffs_replica4/guided-random-testing/src/15/45/half_swarm,half_swarm,882,1518,2145,1848,6988
/scratch/yaffs_replica4/guided-random-testing/src/15/46/no_swarm,no_swarm,4504,1599,1451,1884,6988
/scratch/yaffs_replica4/guided-random-testing/src/15/46/half_swarm,half_swarm,4504,1383,1451,1890,6988
/scratch/yaffs_replica4/guided-random-testing/src/15/47/no_swarm,no_swarm,5995,2089,1442,2089,6988
/scratch/yaffs_replica4/guided-random-testing/src/15/47/half_swarm,half_swarm,5995,1956,1442,2156,6988
/scratch/yaffs_replica4/guided-random-testing/src/15/48/no_swarm,no_swarm,1912,1724,1693,1784,6988
/scratch/yaffs_replica4/guided-random-testing/src/15/48/half_swarm,half_swarm,1912,1619,1693,1858,6988
/scratch/yaffs_replica4/guided-random-testing/src/15/49/no_swarm,no_swarm,4927,1736,2423,1804,6988
/scratch/yaffs_replica4/guided-random-testing/src/15/49/half_swarm,half_swarm,4927,1740,2423,1928,6988
/scratch/yaffs_replica4/guided-random-testing/src/16/0/no_swarm,no_swarm,749,1841,1955,2273,6719
/scratch/yaffs_replica4/guided-random-testing/src/16/0/half_swarm,half_swarm,749,1853,1955,2313,6719
/scratch/yaffs_replica4/guided-random-testing/src/16/1/no_swarm,no_swarm,4963,2157,1486,2318,6719
/scratch/yaffs_replica4/guided-random-testing/src/16/1/half_swarm,half_swarm,4963,1920,1486,2312,6719
/scratch/yaffs_replica4/guided-random-testing/src/16/2/no_swarm,no_swarm,1852,1345,401,2329,6719
/scratch/yaffs_replica4/guided-random-testing/src/16/2/half_swarm,half_swarm,1852,964,401,2376,6719
/scratch/yaffs_replica4/guided-random-testing/src/16/3/no_swarm,no_swarm,5909,2840,1669,2840,6719
/scratch/yaffs_replica4/guided-random-testing/src/16/3/half_swarm,half_swarm,5909,2762,1669,2775,6719
/scratch/yaffs_replica4/guided-random-testing/src/16/4/no_swarm,no_swarm,1680,1885,1890,2257,6719
/scratch/yaffs_replica4/guided-random-testing/src/16/4/half_swarm,half_swarm,1680,1718,1890,2276,6719
/scratch/yaffs_replica4/guided-random-testing/src/16/5/no_swarm,no_swarm,551,2163,2628,2270,6719
/scratch/yaffs_replica4/guided-random-testing/src/16/5/half_swarm,half_swarm,551,2079,2628,2284,6719
/scratch/yaffs_replica4/guided-random-testing/src/16/6/no_swarm,no_swarm,1443,2089,2648,2228,6719
/scratch/yaffs_replica4/guided-random-testing/src/16/6/half_swarm,half_swarm,1443,2058,2648,2291,6719
/scratch/yaffs_replica4/guided-random-testing/src/16/7/no_swarm,no_swarm,1677,1944,2041,2223,6719
/scratch/yaffs_replica4/guided-random-testing/src/16/7/half_swarm,half_swarm,1677,1882,2041,2305,6719
/scratch/yaffs_replica4/guided-random-testing/src/16/8/no_swarm,no_swarm,1646,1537,1083,2214,6719
/scratch/yaffs_replica4/guided-random-testing/src/16/8/half_swarm,half_swarm,1646,1305,1083,2288,6719
/scratch/yaffs_replica4/guided-random-testing/src/16/9/no_swarm,no_swarm,1758,2082,1954,2206,6719
/scratch/yaffs_replica4/guided-random-testing/src/16/9/half_swarm,half_swarm,1758,1959,1954,2293,6719
/scratch/yaffs_replica4/guided-random-testing/src/16/10/no_swarm,no_swarm,810,2109,2369,2248,6719
/scratch/yaffs_replica4/guided-random-testing/src/16/10/half_swarm,half_swarm,810,2216,2369,2465,6719
/scratch/yaffs_replica4/guided-random-testing/src/16/11/no_swarm,no_swarm,5200,2350,1591,2450,6719
/scratch/yaffs_replica4/guided-random-testing/src/16/11/half_swarm,half_swarm,5200,2316,1591,2531,6719
/scratch/yaffs_replica4/guided-random-testing/src/16/12/no_swarm,no_swarm,1713,2112,2041,2436,6719
/scratch/yaffs_replica4/guided-random-testing/src/16/12/half_swarm,half_swarm,1713,2008,2041,2511,6719
/scratch/yaffs_replica4/guided-random-testing/src/16/13/no_swarm,no_swarm,1882,2675,803,2797,6719
/scratch/yaffs_replica4/guided-random-testing/src/16/13/half_swarm,half_swarm,1882,2351,803,2919,6719
/scratch/yaffs_replica4/guided-random-testing/src/16/14/no_swarm,no_swarm,96,2186,2636,2423,6719
/scratch/yaffs_replica4/guided-random-testing/src/16/14/half_swarm,half_swarm,96,2179,2636,2417,6719
/scratch/yaffs_replica4/guided-random-testing/src/16/15/no_swarm,no_swarm,4996,1476,1041,2423,6719
/scratch/yaffs_replica4/guided-random-testing/src/16/15/half_swarm,half_swarm,4996,1312,1041,2440,6719
/scratch/yaffs_replica4/guided-random-testing/src/16/16/no_swarm,no_swarm,3375,2405,1438,2470,6719
/scratch/yaffs_replica4/guided-random-testing/src/16/16/half_swarm,half_swarm,3375,2095,1438,2417,6719
/scratch/yaffs_replica4/guided-random-testing/src/16/17/no_swarm,no_swarm,1666,1943,2041,2232,6719
/scratch/yaffs_replica4/guided-random-testing/src/16/17/half_swarm,half_swarm,1666,1862,2041,2287,6719
/scratch/yaffs_replica4/guided-random-testing/src/16/18/no_swarm,no_swarm,4973,1924,2013,2240,6719
/scratch/yaffs_replica4/guided-random-testing/src/16/18/half_swarm,half_swarm,4973,1894,2013,2286,6719
/scratch/yaffs_replica4/guided-random-testing/src/16/19/no_swarm,no_swarm,5057,2124,1569,2323,6719
/scratch/yaffs_replica4/guided-random-testing/src/16/19/half_swarm,half_swarm,5057,2089,1569,2346,6719
/scratch/yaffs_replica4/guided-random-testing/src/16/20/no_swarm,no_swarm,5088,2246,1673,2250,6719
/scratch/yaffs_replica4/guided-random-testing/src/16/20/half_swarm,half_swarm,5088,2208,1673,2286,6719
/scratch/yaffs_replica4/guided-random-testing/src/16/21/no_swarm,no_swarm,896,1969,1903,2224,6719
/scratch/yaffs_replica4/guided-random-testing/src/16/21/half_swarm,half_swarm,896,1838,1903,2289,6719
/scratch/yaffs_replica4/guided-random-testing/src/16/22/no_swarm,no_swarm,4738,2215,1651,2215,6719
/scratch/yaffs_replica4/guided-random-testing/src/16/22/half_swarm,half_swarm,4738,2195,1651,2281,6719
/scratch/yaffs_replica4/guided-random-testing/src/16/23/no_swarm,no_swarm,3361,2142,1438,2229,6719
/scratch/yaffs_replica4/guided-random-testing/src/16/23/half_swarm,half_swarm,3361,2016,1438,2288,6719
/scratch/yaffs_replica4/guided-random-testing/src/16/24/no_swarm,no_swarm,4923,2188,2296,2287,6719
/scratch/yaffs_replica4/guided-random-testing/src/16/24/half_swarm,half_swarm,4923,2039,2296,2289,6719
/scratch/yaffs_replica4/guided-random-testing/src/16/25/no_swarm,no_swarm,5330,2256,1632,2256,6719
/scratch/yaffs_replica4/guided-random-testing/src/16/25/half_swarm,half_swarm,5330,2210,1632,2258,6719
/scratch/yaffs_replica4/guided-random-testing/src/16/26/no_swarm,no_swarm,4974,1881,2013,2180,6719
/scratch/yaffs_replica4/guided-random-testing/src/16/26/half_swarm,half_swarm,4974,1843,2013,2288,6719
/scratch/yaffs_replica4/guided-random-testing/src/16/27/no_swarm,no_swarm,4882,2271,1588,2274,6719
/scratch/yaffs_replica4/guided-random-testing/src/16/27/half_swarm,half_swarm,4882,2183,1588,2236,6719
/scratch/yaffs_replica4/guided-random-testing/src/16/28/no_swarm,no_swarm,4962,2164,2296,2262,6719
/scratch/yaffs_replica4/guided-random-testing/src/16/28/half_swarm,half_swarm,4962,2001,2296,2228,6719
/scratch/yaffs_replica4/guided-random-testing/src/16/29/no_swarm,no_swarm,767,2102,2369,2212,6719
/scratch/yaffs_replica4/guided-random-testing/src/16/29/half_swarm,half_swarm,767,1942,2369,2181,6719
/scratch/yaffs_replica4/guided-random-testing/src/16/30/no_swarm,no_swarm,906,1650,1090,2228,6719
/scratch/yaffs_replica4/guided-random-testing/src/16/30/half_swarm,half_swarm,906,1412,1090,2246,6719
/scratch/yaffs_replica4/guided-random-testing/src/16/31/no_swarm,no_swarm,5022,1846,2013,2079,6719
/scratch/yaffs_replica4/guided-random-testing/src/16/31/half_swarm,half_swarm,5022,1824,2013,2248,6719
/scratch/yaffs_replica4/guided-random-testing/src/16/32/no_swarm,no_swarm,1682,1642,1395,2282,6719
/scratch/yaffs_replica4/guided-random-testing/src/16/32/half_swarm,half_swarm,1682,1484,1395,2418,6719
/scratch/yaffs_replica4/guided-random-testing/src/16/33/no_swarm,no_swarm,1905,2419,1591,2478,6719
/scratch/yaffs_replica4/guided-random-testing/src/16/33/half_swarm,half_swarm,1905,2290,1591,2518,6719
/scratch/yaffs_replica4/guided-random-testing/src/16/34/no_swarm,no_swarm,1693,2033,2022,2370,6719
/scratch/yaffs_replica4/guided-random-testing/src/16/34/half_swarm,half_swarm,1693,2011,2022,2509,6719
/scratch/yaffs_replica4/guided-random-testing/src/16/35/no_swarm,no_swarm,814,2065,2022,2387,6719
/scratch/yaffs_replica4/guided-random-testing/src/16/35/half_swarm,half_swarm,814,2044,2022,2503,6719
/scratch/yaffs_replica4/guided-random-testing/src/16/36/no_swarm,no_swarm,1932,2315,1591,2391,6719
/scratch/yaffs_replica4/guided-random-testing/src/16/36/half_swarm,half_swarm,1932,2218,1591,2468,6719
/scratch/yaffs_replica4/guided-random-testing/src/16/37/no_swarm,no_swarm,615,2268,2648,2423,6719
/scratch/yaffs_replica4/guided-random-testing/src/16/37/half_swarm,half_swarm,615,2253,2648,2502,6719
/scratch/yaffs_replica4/guided-random-testing/src/16/38/no_swarm,no_swarm,888,2272,1903,2515,6719
/scratch/yaffs_replica4/guided-random-testing/src/16/38/half_swarm,half_swarm,888,2056,1903,2518,6719
/scratch/yaffs_replica4/guided-random-testing/src/16/39/no_swarm,no_swarm,770,2348,2369,2458,6719
/scratch/yaffs_replica4/guided-random-testing/src/16/39/half_swarm,half_swarm,770,2158,2369,2428,6719
/scratch/yaffs_replica4/guided-random-testing/src/16/40/no_swarm,no_swarm,468,2271,1748,2363,6719
/scratch/yaffs_replica4/guided-random-testing/src/16/40/half_swarm,half_swarm,468,2096,1748,2360,6719
/scratch/yaffs_replica4/guided-random-testing/src/16/41/no_swarm,no_swarm,4983,2053,2013,2360,6719
/scratch/yaffs_replica4/guided-random-testing/src/16/41/half_swarm,half_swarm,4983,2004,2013,2452,6719
/scratch/yaffs_replica4/guided-random-testing/src/16/42/no_swarm,no_swarm,3368,1762,869,2418,6719
/scratch/yaffs_replica4/guided-random-testing/src/16/42/half_swarm,half_swarm,3368,1514,869,2462,6719
/scratch/yaffs_replica4/guided-random-testing/src/16/43/no_swarm,no_swarm,5181,2369,1591,2406,6719
/scratch/yaffs_replica4/guided-random-testing/src/16/43/half_swarm,half_swarm,5181,2254,1591,2473,6719
/scratch/yaffs_replica4/guided-random-testing/src/16/44/no_swarm,no_swarm,3840,1961,1649,2485,6719
/scratch/yaffs_replica4/guided-random-testing/src/16/44/half_swarm,half_swarm,3840,1782,1649,2470,6719
/scratch/yaffs_replica4/guided-random-testing/src/16/45/no_swarm,no_swarm,3362,2417,1438,2503,6719
/scratch/yaffs_replica4/guided-random-testing/src/16/45/half_swarm,half_swarm,3362,2221,1438,2553,6719
/scratch/yaffs_replica4/guided-random-testing/src/16/46/no_swarm,no_swarm,4737,2484,1651,2493,6719
/scratch/yaffs_replica4/guided-random-testing/src/16/46/half_swarm,half_swarm,4737,2404,1651,2515,6719
/scratch/yaffs_replica4/guided-random-testing/src/16/47/no_swarm,no_swarm,1647,1612,1083,2413,6719
/scratch/yaffs_replica4/guided-random-testing/src/16/47/half_swarm,half_swarm,1647,1460,1083,2536,6719
/scratch/yaffs_replica4/guided-random-testing/src/16/48/no_swarm,no_swarm,5995,2932,1399,2932,6719
/scratch/yaffs_replica4/guided-random-testing/src/16/48/half_swarm,half_swarm,5995,2660,1399,3015,6719
/scratch/yaffs_replica4/guided-random-testing/src/16/49/no_swarm,no_swarm,897,2168,1903,2444,6719
/scratch/yaffs_replica4/guided-random-testing/src/16/49/half_swarm,half_swarm,897,2034,1903,2517,6719
/scratch/yaffs_replica4/guided-random-testing/src/17/0/no_swarm,no_swarm,4931,2357,2497,2486,7691
/scratch/yaffs_replica4/guided-random-testing/src/17/0/half_swarm,half_swarm,4931,2292,2497,2570,7691
/scratch/yaffs_replica4/guided-random-testing/src/17/1/no_swarm,no_swarm,907,1837,1397,2473,7691
/scratch/yaffs_replica4/guided-random-testing/src/17/1/half_swarm,half_swarm,907,1528,1397,2469,7691
/scratch/yaffs_replica4/guided-random-testing/src/17/2/no_swarm,no_swarm,4786,1420,2607,2467,7691
/scratch/yaffs_replica4/guided-random-testing/src/17/2/half_swarm,half_swarm,4786,1210,2607,2486,7691
/scratch/yaffs_replica4/guided-random-testing/src/17/3/no_swarm,no_swarm,5974,2938,1606,2938,7691
/scratch/yaffs_replica4/guided-random-testing/src/17/3/half_swarm,half_swarm,5974,2725,1606,3002,7691
/scratch/yaffs_replica4/guided-random-testing/src/17/4/no_swarm,no_swarm,5102,2261,1629,2491,7691
/scratch/yaffs_replica4/guided-random-testing/src/17/4/half_swarm,half_swarm,5102,1914,1629,2496,7691
/scratch/yaffs_replica4/guided-random-testing/src/17/5/no_swarm,no_swarm,5977,2873,1606,2878,7691
/scratch/yaffs_replica4/guided-random-testing/src/17/5/half_swarm,half_swarm,5977,2712,1606,2957,7691
/scratch/yaffs_replica4/guided-random-testing/src/17/6/no_swarm,no_swarm,5858,2915,2378,2915,7691
/scratch/yaffs_replica4/guided-random-testing/src/17/6/half_swarm,half_swarm,5858,2350,2378,2611,7691
/scratch/yaffs_replica4/guided-random-testing/src/17/7/no_swarm,no_swarm,3181,865,484,2259,7691
/scratch/yaffs_replica4/guided-random-testing/src/17/7/half_swarm,half_swarm,3181,776,484,2320,7691
/scratch/yaffs_replica4/guided-random-testing/src/17/8/no_swarm,no_swarm,5976,2801,1606,2801,7691
/scratch/yaffs_replica4/guided-random-testing/src/17/8/half_swarm,half_swarm,5976,2654,1606,2880,7691
/scratch/yaffs_replica4/guided-random-testing/src/17/9/no_swarm,no_swarm,5927,2978,1853,2978,7691
/scratch/yaffs_replica4/guided-random-testing/src/17/9/half_swarm,half_swarm,5927,2933,1853,2933,7691
/scratch/yaffs_replica4/guided-random-testing/src/17/10/no_swarm,no_swarm,538,2239,3058,2343,7691
/scratch/yaffs_replica4/guided-random-testing/src/17/10/half_swarm,half_swarm,538,2131,3058,2402,7691
/scratch/yaffs_replica4/guided-random-testing/src/17/11/no_swarm,no_swarm,1166,826,484,2245,7691
/scratch/yaffs_replica4/guided-random-testing/src/17/11/half_swarm,half_swarm,1166,736,484,2285,7691
/scratch/yaffs_replica4/guided-random-testing/src/17/12/no_swarm,no_swarm,568,2220,3058,2374,7691
/scratch/yaffs_replica4/guided-random-testing/src/17/12/half_swarm,half_swarm,568,2018,3058,2264,7691
/scratch/yaffs_replica4/guided-random-testing/src/17/13/no_swarm,no_swarm,1915,2173,1864,2254,7691
/scratch/yaffs_replica4/guided-random-testing/src/17/13/half_swarm,half_swarm,1915,2031,1864,2284,7691
/scratch/yaffs_replica4/guided-random-testing/src/17/14/no_swarm,no_swarm,5659,2676,1830,2676,7691
/scratch/yaffs_replica4/guided-random-testing/src/17/14/half_swarm,half_swarm,5659,2675,1830,2679,7691
/scratch/yaffs_replica4/guided-random-testing/src/17/15/no_swarm,no_swarm,1734,1991,2394,2255,7691
/scratch/yaffs_replica4/guided-random-testing/src/17/15/half_swarm,half_swarm,1734,1852,2394,2281,7691
/scratch/yaffs_replica4/guided-random-testing/src/17/16/no_swarm,no_swarm,811,1950,2394,2219,7691
/scratch/yaffs_replica4/guided-random-testing/src/17/16/half_swarm,half_swarm,811,1802,2394,2234,7691
/scratch/yaffs_replica4/guided-random-testing/src/17/17/no_swarm,no_swarm,876,2037,2325,2256,7691
/scratch/yaffs_replica4/guided-random-testing/src/17/17/half_swarm,half_swarm,876,1859,2325,2276,7691
/scratch/yaffs_replica4/guided-random-testing/src/17/18/no_swarm,no_swarm,5000,1927,2367,2257,7691
/scratch/yaffs_replica4/guided-random-testing/src/17/18/half_swarm,half_swarm,5000,1790,2367,2236,7691
/scratch/yaffs_replica4/guided-random-testing/src/17/19/no_swarm,no_swarm,4567,2271,1883,2271,7691
/scratch/yaffs_replica4/guided-random-testing/src/17/19/half_swarm,half_swarm,4567,2345,1883,2368,7691
/scratch/yaffs_replica4/guided-random-testing/src/17/20/no_swarm,no_swarm,5013,1863,2367,2188,7691
/scratch/yaffs_replica4/guided-random-testing/src/17/20/half_swarm,half_swarm,5013,1809,2367,2297,7691
/scratch/yaffs_replica4/guided-random-testing/src/17/21/no_swarm,no_swarm,1770,2199,2391,2364,7691
/scratch/yaffs_replica4/guided-random-testing/src/17/21/half_swarm,half_swarm,1770,2195,2391,2462,7691
/scratch/yaffs_replica4/guided-random-testing/src/17/22/no_swarm,no_swarm,1651,1782,1314,2464,7691
/scratch/yaffs_replica4/guided-random-testing/src/17/22/half_swarm,half_swarm,1651,1491,1314,2532,7691
/scratch/yaffs_replica4/guided-random-testing/src/17/23/no_swarm,no_swarm,5183,2418,1864,2498,7691
/scratch/yaffs_replica4/guided-random-testing/src/17/23/half_swarm,half_swarm,5183,2266,1864,2521,7691
/scratch/yaffs_replica4/guided-random-testing/src/17/24/no_swarm,no_swarm,1169,901,484,2303,7691
/scratch/yaffs_replica4/guided-random-testing/src/17/24/half_swarm,half_swarm,1169,780,484,2385,7691
/scratch/yaffs_replica4/guided-random-testing/src/17/25/no_swarm,no_swarm,598,2263,2739,2457,7691
/scratch/yaffs_replica4/guided-random-testing/src/17/25/half_swarm,half_swarm,598,2137,2739,2478,7691
/scratch/yaffs_replica4/guided-random-testing/src/17/26/no_swarm,no_swarm,1181,903,484,2280,7691
/scratch/yaffs_replica4/guided-random-testing/src/17/26/half_swarm,half_swarm,1181,788,484,2379,7691
/scratch/yaffs_replica4/guided-random-testing/src/17/27/no_swarm,no_swarm,4814,1261,2201,2484,7691
/scratch/yaffs_replica4/guided-random-testing/src/17/27/half_swarm,half_swarm,4814,916,2201,2536,7691
/scratch/yaffs_replica4/guided-random-testing/src/17/28/no_swarm,no_swarm,4794,1377,2607,2487,7691
/scratch/yaffs_replica4/guided-random-testing/src/17/28/half_swarm,half_swarm,4794,1178,2607,2499,7691
/scratch/yaffs_replica4/guided-random-testing/src/17/29/no_swarm,no_swarm,894,2313,2391,2461,7691
/scratch/yaffs_replica4/guided-random-testing/src/17/29/half_swarm,half_swarm,894,2180,2391,2497,7691
/scratch/yaffs_replica4/guided-random-testing/src/17/30/no_swarm,no_swarm,4999,2121,2367,2497,7691
/scratch/yaffs_replica4/guided-random-testing/src/17/30/half_swarm,half_swarm,4999,2009,2367,2493,7691
/scratch/yaffs_replica4/guided-random-testing/src/17/31/no_swarm,no_swarm,1913,2400,1864,2482,7691
/scratch/yaffs_replica4/guided-random-testing/src/17/31/half_swarm,half_swarm,1913,2263,1864,2516,7691
/scratch/yaffs_replica4/guided-random-testing/src/17/32/no_swarm,no_swarm,885,2175,2325,2417,7691
/scratch/yaffs_replica4/guided-random-testing/src/17/32/half_swarm,half_swarm,885,2018,2325,2491,7691
/scratch/yaffs_replica4/guided-random-testing/src/17/33/no_swarm,no_swarm,1636,1826,1314,2473,7691
/scratch/yaffs_replica4/guided-random-testing/src/17/33/half_swarm,half_swarm,1636,1460,1314,2493,7691
/scratch/yaffs_replica4/guided-random-testing/src/17/34/no_swarm,no_swarm,1671,2151,2394,2454,7691
/scratch/yaffs_replica4/guided-random-testing/src/17/34/half_swarm,half_swarm,1671,1993,2394,2486,7691
/scratch/yaffs_replica4/guided-random-testing/src/17/35/no_swarm,no_swarm,1643,1757,1299,2465,7691
/scratch/yaffs_replica4/guided-random-testing/src/17/35/half_swarm,half_swarm,1643,1518,1299,2490,7691
/scratch/yaffs_replica4/guided-random-testing/src/17/36/no_swarm,no_swarm,1771,2296,2391,2498,7691
/scratch/yaffs_replica4/guided-random-testing/src/17/36/half_swarm,half_swarm,1771,2182,2391,2505,7691
/scratch/yaffs_replica4/guided-random-testing/src/17/37/no_swarm,no_swarm,1678,2054,2394,2499,7691
/scratch/yaffs_replica4/guided-random-testing/src/17/37/half_swarm,half_swarm,1678,1977,2394,2495,7691
/scratch/yaffs_replica4/guided-random-testing/src/17/38/no_swarm,no_swarm,4965,2066,1651,2293,7691
/scratch/yaffs_replica4/guided-random-testing/src/17/38/half_swarm,half_swarm,4965,1876,1651,2363,7691
/scratch/yaffs_replica4/guided-random-testing/src/17/39/no_swarm,no_swarm,4947,1615,1314,2247,7691
/scratch/yaffs_replica4/guided-random-testing/src/17/39/half_swarm,half_swarm,4947,1347,1314,2294,7691
/scratch/yaffs_replica4/guided-random-testing/src/17/40/no_swarm,no_swarm,5284,2204,1899,2204,7691
